model,image_path,source,label_name,label,original_width,original_height,aigc_probability,threshold,pred,pred_name,correct,error_type,error_rank
baseline2_njr,E:\TikTokTechJam\Track5Data(1)\Track5Data\official_demo_validation\real\coco2017\val2017\img160570.jpg,COCO_val2017,real,0,200,200,0.9999891519546509,0.55657113,1,fake,0,false_positive,1
baseline2_njr,E:\TikTokTechJam\Track5Data(1)\Track5Data\official_demo_validation\real\coco2017\val2017\img160848.jpg,COCO_val2017,real,0,200,200,0.9996065497398376,0.55657113,1,fake,0,false_positive,2
baseline2_njr,E:\TikTokTechJam\Track5Data(1)\Track5Data\official_demo_validation\real\coco2017\val2017\img159793.jpg,COCO_val2017,real,0,200,200,0.9994751811027527,0.55657113,1,fake,0,false_positive,3
baseline2_njr,E:\TikTokTechJam\Track5Data(1)\Track5Data\official_demo_validation\real\coco2017\val2017\img160152.jpg,COCO_val2017,real,0,200,200,0.9993064403533936,0.55657113,1,fake,0,false_positive,4
baseline2_njr,E:\TikTokTechJam\Track5Data(1)\Track5Data\official_demo_validation\real\coco2017\val2017\img161482.jpg,COCO_val2017,real,0,200,200,0.9989019632339478,0.55657113,1,fake,0,false_positive,5
baseline2_njr,E:\TikTokTechJam\Track5Data(1)\Track5Data\official_demo_validation\real\coco2017\val2017\img159896.jpg,COCO_val2017,real,0,200,200,0.9981157779693604,0.55657113,1,fake,0,false_positive,6
baseline2_njr,E:\TikTokTechJam\Track5Data(1)\Track5Data\official_demo_validation\real\coco2017\val2017\img159044.jpg,COCO_val2017,real,0,200,200,0.9911933541297913,0.55657113,1,fake,0,false_positive,7
baseline2_njr,E:\TikTokTechJam\Track5Data(1)\Track5Data\official_demo_validation\real\coco2017\val2017\img159010.jpg,COCO_val2017,real,0,200,200,0.9907989501953125,0.55657113,1,fake,0,false_positive,8
baseline2_njr,E:\TikTokTechJam\Track5Data(1)\Track5Data\official_demo_validation\real\coco2017\val2017\img159226.jpg,COCO_val2017,real,0,200,200,0.9902499318122864,0.55657113,1,fake,0,false_positive,9
baseline2_njr,E:\TikTokTechJam\Track5Data(1)\Track5Data\official_demo_validation\real\coco2017\val2017\img161609.jpg,COCO_val2017,real,0,200,200,0.9790388941764832,0.55657113,1,fake,0,false_positive,10
baseline2_njr,E:\TikTokTechJam\Track5Data(1)\Track5Data\official_demo_validation\real\coco2017\val2017\img159091.jpg,COCO_val2017,real,0,200,200,0.977218747138977,0.55657113,1,fake,0,false_positive,11
baseline2_njr,E:\TikTokTechJam\Track5Data(1)\Track5Data\official_demo_validation\real\coco2017\val2017\img161862.jpg,COCO_val2017,real,0,200,200,0.9731618165969849,0.55657113,1,fake,0,false_positive,12
baseline2_njr,E:\TikTokTechJam\Track5Data(1)\Track5Data\official_demo_validation\real\coco2017\val2017\img160063.jpg,COCO_val2017,real,0,200,200,0.9715864062309265,0.55657113,1,fake,0,false_positive,13
baseline2_njr,E:\TikTokTechJam\Track5Data(1)\Track5Data\official_demo_validation\real\coco2017\val2017\img162575.jpg,COCO_val2017,real,0,200,200,0.94553542137146,0.55657113,1,fake,0,false_positive,14
baseline2_njr,E:\TikTokTechJam\Track5Data(1)\Track5Data\official_demo_validation\real\coco2017\val2017\img159327.jpg,COCO_val2017,real,0,200,200,0.9373223781585693,0.55657113,1,fake,0,false_positive,15
baseline2_njr,E:\TikTokTechJam\Track5Data(1)\Track5Data\official_demo_validation\real\coco2017\val2017\img159274.jpg,COCO_val2017,real,0,200,200,0.9347332119941711,0.55657113,1,fake,0,false_positive,16
baseline2_njr,E:\TikTokTechJam\Track5Data(1)\Track5Data\official_demo_validation\real\coco2017\val2017\img160334.jpg,COCO_val2017,real,0,200,200,0.9337797164916992,0.55657113,1,fake,0,false_positive,17
baseline2_njr,E:\TikTokTechJam\Track5Data(1)\Track5Data\official_demo_validation\real\coco2017\val2017\img161227.jpg,COCO_val2017,real,0,200,200,0.9253214597702026,0.55657113,1,fake,0,false_positive,18
baseline2_njr,E:\TikTokTechJam\Track5Data(1)\Track5Data\official_demo_validation\real\coco2017\val2017\img159192.jpg,COCO_val2017,real,0,200,200,0.9234132170677185,0.55657113,1,fake,0,false_positive,19
baseline2_njr,E:\TikTokTechJam\Track5Data(1)\Track5Data\official_demo_validation\real\coco2017\val2017\img159585.jpg,COCO_val2017,real,0,200,200,0.9217665195465088,0.55657113,1,fake,0,false_positive,20
baseline2_njr,E:\TikTokTechJam\Track5Data(1)\Track5Data\official_demo_validation\real\coco2017\val2017\img159457.jpg,COCO_val2017,real,0,200,200,0.9128398299217224,0.55657113,1,fake,0,false_positive,21
baseline2_njr,E:\TikTokTechJam\Track5Data(1)\Track5Data\official_demo_validation\real\coco2017\val2017\img162081.jpg,COCO_val2017,real,0,200,200,0.9017862677574158,0.55657113,1,fake,0,false_positive,22
baseline2_njr,E:\TikTokTechJam\Track5Data(1)\Track5Data\official_demo_validation\real\coco2017\val2017\img160806.jpg,COCO_val2017,real,0,200,200,0.8998125791549683,0.55657113,1,fake,0,false_positive,23
baseline2_njr,E:\TikTokTechJam\Track5Data(1)\Track5Data\official_demo_validation\real\coco2017\val2017\img161110.jpg,COCO_val2017,real,0,200,200,0.8784878253936768,0.55657113,1,fake,0,false_positive,24
baseline2_njr,E:\TikTokTechJam\Track5Data(1)\Track5Data\official_demo_validation\real\coco2017\val2017\img161108.jpg,COCO_val2017,real,0,200,200,0.823716938495636,0.55657113,1,fake,0,false_positive,25
baseline2_njr,E:\TikTokTechJam\Track5Data(1)\Track5Data\official_demo_validation\real\coco2017\val2017\img160609.jpg,COCO_val2017,real,0,200,200,0.8222721219062805,0.55657113,1,fake,0,false_positive,26
baseline2_njr,E:\TikTokTechJam\Track5Data(1)\Track5Data\official_demo_validation\real\coco2017\val2017\img159452.jpg,COCO_val2017,real,0,200,200,0.821908712387085,0.55657113,1,fake,0,false_positive,27
baseline2_njr,E:\TikTokTechJam\Track5Data(1)\Track5Data\official_demo_validation\real\coco2017\val2017\img161332.jpg,COCO_val2017,real,0,200,200,0.8136136531829834,0.55657113,1,fake,0,false_positive,28
baseline2_njr,E:\TikTokTechJam\Track5Data(1)\Track5Data\official_demo_validation\real\coco2017\val2017\img163198.jpg,COCO_val2017,real,0,200,200,0.7877501249313354,0.55657113,1,fake,0,false_positive,29
baseline2_njr,E:\TikTokTechJam\Track5Data(1)\Track5Data\official_demo_validation\real\coco2017\val2017\img160679.jpg,COCO_val2017,real,0,200,200,0.7815378308296204,0.55657113,1,fake,0,false_positive,30
baseline2_njr,E:\TikTokTechJam\Track5Data(1)\Track5Data\official_demo_validation\real\coco2017\val2017\img161673.jpg,COCO_val2017,real,0,200,200,0.7498344779014587,0.55657113,1,fake,0,false_positive,31
baseline2_njr,E:\TikTokTechJam\Track5Data(1)\Track5Data\official_demo_validation\real\coco2017\val2017\img161794.jpg,COCO_val2017,real,0,200,200,0.7489604949951172,0.55657113,1,fake,0,false_positive,32
baseline2_njr,E:\TikTokTechJam\Track5Data(1)\Track5Data\official_demo_validation\real\coco2017\val2017\img163146.jpg,COCO_val2017,real,0,200,200,0.6641825437545776,0.55657113,1,fake,0,false_positive,33
baseline2_njr,E:\TikTokTechJam\Track5Data(1)\Track5Data\official_demo_validation\real\coco2017\val2017\img162333.jpg,COCO_val2017,real,0,200,200,0.6190053224563599,0.55657113,1,fake,0,false_positive,34
baseline2_njr,E:\TikTokTechJam\Track5Data(1)\Track5Data\official_demo_validation\real\coco2017\val2017\img160095.jpg,COCO_val2017,real,0,200,200,0.6169707179069519,0.55657113,1,fake,0,false_positive,35
baseline2_njr,E:\TikTokTechJam\Track5Data(1)\Track5Data\official_demo_validation\real\coco2017\val2017\img162980.jpg,COCO_val2017,real,0,200,200,0.6123677492141724,0.55657113,1,fake,0,false_positive,36
baseline2_njr,E:\TikTokTechJam\Track5Data(1)\Track5Data\official_demo_validation\real\coco2017\val2017\img162311.jpg,COCO_val2017,real,0,200,200,0.5999724268913269,0.55657113,1,fake,0,false_positive,37
baseline2_njr,E:\TikTokTechJam\Track5Data(1)\Track5Data\official_demo_validation\fake\Advanced\DALLE3\dalle3\20231102143933b82206831d45b85d\c05ae24ee2b39f9f685dfd856a2e9dc0.jpg,DALLE_Advanced,fake,1,1024,1024,1.9220778995077126e-06,0.55657113,0,real,0,false_negative,1
baseline2_njr,E:\TikTokTechJam\Track5Data(1)\Track5Data\official_demo_validation\fake\Advanced\DALLE3\dalle3\2023110215025084768300d30fc34f\c05ae24ee2b39f9f685dfd856a2e9dc0.jpg,DALLE_Advanced,fake,1,1024,1024,1.9220778995077126e-06,0.55657113,0,real,0,false_negative,2
baseline2_njr,E:\TikTokTechJam\Track5Data(1)\Track5Data\official_demo_validation\fake\Advanced\DALLE3\dalle3\20231103102150b17aad067ad7e034\c05ae24ee2b39f9f685dfd856a2e9dc0.jpg,DALLE_Advanced,fake,1,1024,1024,1.9220778995077126e-06,0.55657113,0,real,0,false_negative,3
baseline2_njr,E:\TikTokTechJam\Track5Data(1)\Track5Data\official_demo_validation\fake\Advanced\DALLE3\dalle3\202311070924598319e76b1a88ba6c\c05ae24ee2b39f9f685dfd856a2e9dc0.jpg,DALLE_Advanced,fake,1,1024,1024,1.9220778995077126e-06,0.55657113,0,real,0,false_negative,4
baseline2_njr,E:\TikTokTechJam\Track5Data(1)\Track5Data\official_demo_validation\fake\Advanced\DALLE3\dalle3\20231102143933b82206831d45b85d\6f0f61883f111368d770c54801f33449.jpg,DALLE_Advanced,fake,1,1024,1024,2.6049631287605735e-06,0.55657113,0,real,0,false_negative,5
baseline2_njr,E:\TikTokTechJam\Track5Data(1)\Track5Data\official_demo_validation\fake\Advanced\DALLE3\dalle3\2023110215025084768300d30fc34f\6f0f61883f111368d770c54801f33449.jpg,DALLE_Advanced,fake,1,1024,1024,2.6049631287605735e-06,0.55657113,0,real,0,false_negative,6
baseline2_njr,E:\TikTokTechJam\Track5Data(1)\Track5Data\official_demo_validation\fake\Advanced\DALLE3\dalle3\20231103102150b17aad067ad7e034\6f0f61883f111368d770c54801f33449.jpg,DALLE_Advanced,fake,1,1024,1024,2.6049631287605735e-06,0.55657113,0,real,0,false_negative,7
baseline2_njr,E:\TikTokTechJam\Track5Data(1)\Track5Data\official_demo_validation\fake\Advanced\DALLE3\dalle3\202311070924598319e76b1a88ba6c\6f0f61883f111368d770c54801f33449.jpg,DALLE_Advanced,fake,1,1024,1024,2.6049631287605735e-06,0.55657113,0,real,0,false_negative,8
baseline2_njr,E:\TikTokTechJam\Track5Data(1)\Track5Data\official_demo_validation\fake\Advanced\DALLE3\dalle3\202311011943129901ca391019566e\b33a9da36fea0d7ee3b4525c2573a1e5.jpg,DALLE_Advanced,fake,1,1024,1024,2.6330792479711818e-06,0.55657113,0,real,0,false_negative,9
baseline2_njr,E:\TikTokTechJam\Track5Data(1)\Track5Data\official_demo_validation\fake\Advanced\DALLE3\dalle3\20231102143933b82206831d45b85d\f60a678b5c61dee4997ef5299185988c.jpg,DALLE_Advanced,fake,1,346,346,3.941264367313124e-06,0.55657113,0,real,0,false_negative,10
baseline2_njr,E:\TikTokTechJam\Track5Data(1)\Track5Data\official_demo_validation\fake\Advanced\DALLE3\dalle3\2023110215025084768300d30fc34f\f60a678b5c61dee4997ef5299185988c.jpg,DALLE_Advanced,fake,1,346,346,3.941264367313124e-06,0.55657113,0,real,0,false_negative,11
baseline2_njr,E:\TikTokTechJam\Track5Data(1)\Track5Data\official_demo_validation\fake\Advanced\DALLE3\dalle3\20231103102150b17aad067ad7e034\f60a678b5c61dee4997ef5299185988c.jpg,DALLE_Advanced,fake,1,346,346,3.941264367313124e-06,0.55657113,0,real,0,false_negative,12
baseline2_njr,E:\TikTokTechJam\Track5Data(1)\Track5Data\official_demo_validation\fake\Advanced\DALLE3\dalle3\202311070924598319e76b1a88ba6c\f60a678b5c61dee4997ef5299185988c.jpg,DALLE_Advanced,fake,1,346,346,3.941264367313124e-06,0.55657113,0,real,0,false_negative,13
baseline2_njr,E:\TikTokTechJam\Track5Data(1)\Track5Data\official_demo_validation\fake\Advanced\DALLE3\dalle3\202311070924598319e76b1a88ba6c\028b1feecc4b4099cfa277a93c725eea.jpg,DALLE_Advanced,fake,1,1024,1024,5.279875495034503e-06,0.55657113,0,real,0,false_negative,14
baseline2_njr,E:\TikTokTechJam\Track5Data(1)\Track5Data\official_demo_validation\fake\Advanced\DALLE3\dalle3\20231102143933b82206831d45b85d\25070761234eadcd2dee2130d2e3f40b.jpg,DALLE_Advanced,fake,1,1024,1024,6.197450602485333e-06,0.55657113,0,real,0,false_negative,15
baseline2_njr,E:\TikTokTechJam\Track5Data(1)\Track5Data\official_demo_validation\fake\Advanced\DALLE3\dalle3\2023110215025084768300d30fc34f\25070761234eadcd2dee2130d2e3f40b.jpg,DALLE_Advanced,fake,1,1024,1024,6.197450602485333e-06,0.55657113,0,real,0,false_negative,16
baseline2_njr,E:\TikTokTechJam\Track5Data(1)\Track5Data\official_demo_validation\fake\Advanced\DALLE3\dalle3\20231103102150b17aad067ad7e034\25070761234eadcd2dee2130d2e3f40b.jpg,DALLE_Advanced,fake,1,1024,1024,6.197450602485333e-06,0.55657113,0,real,0,false_negative,17
baseline2_njr,E:\TikTokTechJam\Track5Data(1)\Track5Data\official_demo_validation\fake\Advanced\DALLE3\dalle3\202311070924598319e76b1a88ba6c\25070761234eadcd2dee2130d2e3f40b.jpg,DALLE_Advanced,fake,1,1024,1024,6.197450602485333e-06,0.55657113,0,real,0,false_negative,18
baseline2_njr,E:\TikTokTechJam\Track5Data(1)\Track5Data\official_demo_validation\fake\Advanced\DALLE3\dalle3\202311011943129901ca391019566e\928e04d07d53e5a65d0a27f093c04f70.jpg,DALLE_Advanced,fake,1,346,346,6.297945674305083e-06,0.55657113,0,real,0,false_negative,19
baseline2_njr,E:\TikTokTechJam\Track5Data(1)\Track5Data\official_demo_validation\fake\Advanced\DALLE3\dalle3\202311011943129901ca391019566e\7f00f9e20b87d6e14709268b29b33482.jpg,DALLE_Advanced,fake,1,1024,1024,6.976539680181304e-06,0.55657113,0,real,0,false_negative,20
baseline2_njr,E:\TikTokTechJam\Track5Data(1)\Track5Data\official_demo_validation\fake\Advanced\DALLE3\dalle3\202311011943129901ca391019566e\69e6d08125d402182dd6a9e14e5ee236.jpg,DALLE_Advanced,fake,1,1024,1024,8.617261300969403e-06,0.55657113,0,real,0,false_negative,21
baseline2_njr,E:\TikTokTechJam\Track5Data(1)\Track5Data\official_demo_validation\fake\Advanced\DALLE3\dalle3\202311011943129901ca391019566e\284730af67d18cd1fdb82e6180a534ea.jpg,DALLE_Advanced,fake,1,1024,1024,9.839201084105298e-06,0.55657113,0,real,0,false_negative,22
baseline2_njr,E:\TikTokTechJam\Track5Data(1)\Track5Data\official_demo_validation\fake\Advanced\DALLE3\dalle3\20231102143933b82206831d45b85d\f57e17b20967428e7eefe7f5331c8a17.jpg,DALLE_Advanced,fake,1,1024,1024,1.1811185686383396e-05,0.55657113,0,real,0,false_negative,23
baseline2_njr,E:\TikTokTechJam\Track5Data(1)\Track5Data\official_demo_validation\fake\Advanced\DALLE3\dalle3\2023110215025084768300d30fc34f\f57e17b20967428e7eefe7f5331c8a17.jpg,DALLE_Advanced,fake,1,1024,1024,1.1811185686383396e-05,0.55657113,0,real,0,false_negative,24
baseline2_njr,E:\TikTokTechJam\Track5Data(1)\Track5Data\official_demo_validation\fake\Advanced\DALLE3\dalle3\20231103102150b17aad067ad7e034\f57e17b20967428e7eefe7f5331c8a17.jpg,DALLE_Advanced,fake,1,1024,1024,1.1811185686383396e-05,0.55657113,0,real,0,false_negative,25
baseline2_njr,E:\TikTokTechJam\Track5Data(1)\Track5Data\official_demo_validation\fake\Advanced\DALLE3\dalle3\202311070924598319e76b1a88ba6c\f57e17b20967428e7eefe7f5331c8a17.jpg,DALLE_Advanced,fake,1,1024,1024,1.1811185686383396e-05,0.55657113,0,real,0,false_negative,26
baseline2_njr,E:\TikTokTechJam\Track5Data(1)\Track5Data\official_demo_validation\fake\Advanced\DALLE3\dalle3\202311011943129901ca391019566e\9a9bb5b4a7d413d1cdfbd29d95bdbed9.jpg,DALLE_Advanced,fake,1,1024,1024,1.5483918105019256e-05,0.55657113,0,real,0,false_negative,27
baseline2_njr,E:\TikTokTechJam\Track5Data(1)\Track5Data\official_demo_validation\fake\Advanced\DALLE3\dalle3\20231102143933b82206831d45b85d\97a5124901787262b8abc87ed828051e.jpg,DALLE_Advanced,fake,1,1024,1024,1.8015583918895572e-05,0.55657113,0,real,0,false_negative,28
baseline2_njr,E:\TikTokTechJam\Track5Data(1)\Track5Data\official_demo_validation\fake\Advanced\DALLE3\dalle3\2023110215025084768300d30fc34f\97a5124901787262b8abc87ed828051e.jpg,DALLE_Advanced,fake,1,1024,1024,1.8015583918895572e-05,0.55657113,0,real,0,false_negative,29
baseline2_njr,E:\TikTokTechJam\Track5Data(1)\Track5Data\official_demo_validation\fake\Advanced\DALLE3\dalle3\20231103102150b17aad067ad7e034\97a5124901787262b8abc87ed828051e.jpg,DALLE_Advanced,fake,1,1024,1024,1.8015583918895572e-05,0.55657113,0,real,0,false_negative,30
baseline2_njr,E:\TikTokTechJam\Track5Data(1)\Track5Data\official_demo_validation\fake\Advanced\DALLE3\dalle3\202311070924598319e76b1a88ba6c\97a5124901787262b8abc87ed828051e.jpg,DALLE_Advanced,fake,1,1024,1024,1.8015583918895572e-05,0.55657113,0,real,0,false_negative,31
baseline2_njr,E:\TikTokTechJam\Track5Data(1)\Track5Data\official_demo_validation\fake\Advanced\DALLE3\dalle3\20231102143933b82206831d45b85d\bcd29500411351d7730010a3cd701682.jpg,DALLE_Advanced,fake,1,1024,1024,2.0769655748154037e-05,0.55657113,0,real,0,false_negative,32
baseline2_njr,E:\TikTokTechJam\Track5Data(1)\Track5Data\official_demo_validation\fake\Advanced\DALLE3\dalle3\2023110215025084768300d30fc34f\bcd29500411351d7730010a3cd701682.jpg,DALLE_Advanced,fake,1,1024,1024,2.0769655748154037e-05,0.55657113,0,real,0,false_negative,33
baseline2_njr,E:\TikTokTechJam\Track5Data(1)\Track5Data\official_demo_validation\fake\Advanced\DALLE3\dalle3\20231103102150b17aad067ad7e034\bcd29500411351d7730010a3cd701682.jpg,DALLE_Advanced,fake,1,1024,1024,2.0769655748154037e-05,0.55657113,0,real,0,false_negative,34
baseline2_njr,E:\TikTokTechJam\Track5Data(1)\Track5Data\official_demo_validation\fake\Advanced\DALLE3\dalle3\202311070924598319e76b1a88ba6c\bcd29500411351d7730010a3cd701682.jpg,DALLE_Advanced,fake,1,1024,1024,2.0769655748154037e-05,0.55657113,0,real,0,false_negative,35
baseline2_njr,E:\TikTokTechJam\Track5Data(1)\Track5Data\official_demo_validation\fake\Advanced\DALLE3\dalle3\20231102143933b82206831d45b85d\1e8883a63767bac86fd4bf4d5918e7bb.jpg,DALLE_Advanced,fake,1,1024,1024,2.083144681819249e-05,0.55657113,0,real,0,false_negative,36
baseline2_njr,E:\TikTokTechJam\Track5Data(1)\Track5Data\official_demo_validation\fake\Advanced\DALLE3\dalle3\2023110215025084768300d30fc34f\1e8883a63767bac86fd4bf4d5918e7bb.jpg,DALLE_Advanced,fake,1,1024,1024,2.083144681819249e-05,0.55657113,0,real,0,false_negative,37
baseline2_njr,E:\TikTokTechJam\Track5Data(1)\Track5Data\official_demo_validation\fake\Advanced\DALLE3\dalle3\20231103102150b17aad067ad7e034\1e8883a63767bac86fd4bf4d5918e7bb.jpg,DALLE_Advanced,fake,1,1024,1024,2.083144681819249e-05,0.55657113,0,real,0,false_negative,38
baseline2_njr,E:\TikTokTechJam\Track5Data(1)\Track5Data\official_demo_validation\fake\Advanced\DALLE3\dalle3\202311070924598319e76b1a88ba6c\1e8883a63767bac86fd4bf4d5918e7bb.jpg,DALLE_Advanced,fake,1,1024,1024,2.083144681819249e-05,0.55657113,0,real,0,false_negative,39
baseline2_njr,E:\TikTokTechJam\Track5Data(1)\Track5Data\official_demo_validation\fake\Advanced\DALLE3\dalle3\202311011943129901ca391019566e\63dd59c29b835849e37c51a1ed8939ce.jpg,DALLE_Advanced,fake,1,1024,1024,2.123181002389174e-05,0.55657113,0,real,0,false_negative,40
baseline2_njr,E:\TikTokTechJam\Track5Data(1)\Track5Data\official_demo_validation\fake\Advanced\DALLE3\dalle3\20231102143933b82206831d45b85d\02db61a11c6e06c8231dcf9dd9db32ab.jpg,DALLE_Advanced,fake,1,1024,1024,2.4457167455693707e-05,0.55657113,0,real,0,false_negative,41
baseline2_njr,E:\TikTokTechJam\Track5Data(1)\Track5Data\official_demo_validation\fake\Advanced\DALLE3\dalle3\2023110215025084768300d30fc34f\02db61a11c6e06c8231dcf9dd9db32ab.jpg,DALLE_Advanced,fake,1,1024,1024,2.4457167455693707e-05,0.55657113,0,real,0,false_negative,42
baseline2_njr,E:\TikTokTechJam\Track5Data(1)\Track5Data\official_demo_validation\fake\Advanced\DALLE3\dalle3\20231103102150b17aad067ad7e034\02db61a11c6e06c8231dcf9dd9db32ab.jpg,DALLE_Advanced,fake,1,1024,1024,2.4457167455693707e-05,0.55657113,0,real,0,false_negative,43
baseline2_njr,E:\TikTokTechJam\Track5Data(1)\Track5Data\official_demo_validation\fake\Advanced\DALLE3\dalle3\202311070924598319e76b1a88ba6c\02db61a11c6e06c8231dcf9dd9db32ab.jpg,DALLE_Advanced,fake,1,1024,1024,2.4457167455693707e-05,0.55657113,0,real,0,false_negative,44
baseline2_njr,E:\TikTokTechJam\Track5Data(1)\Track5Data\official_demo_validation\fake\Advanced\DALLE3\dalle3\202311011943129901ca391019566e\295380882b0adcc9d1eb9c8d3763d723.jpg,DALLE_Advanced,fake,1,1024,1024,2.584740832389798e-05,0.55657113,0,real,0,false_negative,45
baseline2_njr,E:\TikTokTechJam\Track5Data(1)\Track5Data\official_demo_validation\fake\Advanced\DALLE3\dalle3\202311011943129901ca391019566e\d7f10ab49457b8ee683c1ad905bd286e.jpg,DALLE_Advanced,fake,1,1024,1024,2.6912777684628963e-05,0.55657113,0,real,0,false_negative,46
baseline2_njr,E:\TikTokTechJam\Track5Data(1)\Track5Data\official_demo_validation\fake\Advanced\DALLE3\dalle3\20231102143933b82206831d45b85d\80983e413542651fd01f2560e58a4f89.jpg,DALLE_Advanced,fake,1,1024,1024,3.120598921668716e-05,0.55657113,0,real,0,false_negative,47
baseline2_njr,E:\TikTokTechJam\Track5Data(1)\Track5Data\official_demo_validation\fake\Advanced\DALLE3\dalle3\2023110215025084768300d30fc34f\80983e413542651fd01f2560e58a4f89.jpg,DALLE_Advanced,fake,1,1024,1024,3.120598921668716e-05,0.55657113,0,real,0,false_negative,48
baseline2_njr,E:\TikTokTechJam\Track5Data(1)\Track5Data\official_demo_validation\fake\Advanced\DALLE3\dalle3\20231103102150b17aad067ad7e034\80983e413542651fd01f2560e58a4f89.jpg,DALLE_Advanced,fake,1,1024,1024,3.120598921668716e-05,0.55657113,0,real,0,false_negative,49
baseline2_njr,E:\TikTokTechJam\Track5Data(1)\Track5Data\official_demo_validation\fake\Advanced\DALLE3\dalle3\202311070924598319e76b1a88ba6c\80983e413542651fd01f2560e58a4f89.jpg,DALLE_Advanced,fake,1,1024,1024,3.120598921668716e-05,0.55657113,0,real,0,false_negative,50
baseline2_njr,E:\TikTokTechJam\Track5Data(1)\Track5Data\official_demo_validation\fake\Advanced\DALLE3\dalle3\20231102143933b82206831d45b85d\b6b51493f8d094c279b4887d7a3b833e.jpg,DALLE_Advanced,fake,1,1024,1024,3.76277239411138e-05,0.55657113,0,real,0,false_negative,51
baseline2_njr,E:\TikTokTechJam\Track5Data(1)\Track5Data\official_demo_validation\fake\Advanced\DALLE3\dalle3\2023110215025084768300d30fc34f\b6b51493f8d094c279b4887d7a3b833e.jpg,DALLE_Advanced,fake,1,1024,1024,3.76277239411138e-05,0.55657113,0,real,0,false_negative,52
baseline2_njr,E:\TikTokTechJam\Track5Data(1)\Track5Data\official_demo_validation\fake\Advanced\DALLE3\dalle3\20231102143933b82206831d45b85d\f104d8a186f1cc92ce6b17b5d69506bd.jpg,DALLE_Advanced,fake,1,1024,1024,3.892212771461345e-05,0.55657113,0,real,0,false_negative,53
baseline2_njr,E:\TikTokTechJam\Track5Data(1)\Track5Data\official_demo_validation\fake\Advanced\DALLE3\dalle3\2023110215025084768300d30fc34f\f104d8a186f1cc92ce6b17b5d69506bd.jpg,DALLE_Advanced,fake,1,1024,1024,3.892212771461345e-05,0.55657113,0,real,0,false_negative,54
baseline2_njr,E:\TikTokTechJam\Track5Data(1)\Track5Data\official_demo_validation\fake\Advanced\DALLE3\dalle3\20231103102150b17aad067ad7e034\f104d8a186f1cc92ce6b17b5d69506bd.jpg,DALLE_Advanced,fake,1,1024,1024,3.892212771461345e-05,0.55657113,0,real,0,false_negative,55
baseline2_njr,E:\TikTokTechJam\Track5Data(1)\Track5Data\official_demo_validation\fake\Advanced\DALLE3\dalle3\202311070924598319e76b1a88ba6c\f104d8a186f1cc92ce6b17b5d69506bd.jpg,DALLE_Advanced,fake,1,1024,1024,3.892212771461345e-05,0.55657113,0,real,0,false_negative,56
baseline2_njr,E:\TikTokTechJam\Track5Data(1)\Track5Data\official_demo_validation\fake\Advanced\DALLE3\dalle3\20231102143933b82206831d45b85d\0aee35fc128cdef24d5aa9f683a03370.jpg,DALLE_Advanced,fake,1,1024,1024,4.484610690269619e-05,0.55657113,0,real,0,false_negative,57
baseline2_njr,E:\TikTokTechJam\Track5Data(1)\Track5Data\official_demo_validation\fake\Advanced\DALLE3\dalle3\2023110215025084768300d30fc34f\0aee35fc128cdef24d5aa9f683a03370.jpg,DALLE_Advanced,fake,1,1024,1024,4.484610690269619e-05,0.55657113,0,real,0,false_negative,58
baseline2_njr,E:\TikTokTechJam\Track5Data(1)\Track5Data\official_demo_validation\fake\Advanced\DALLE3\dalle3\20231103102150b17aad067ad7e034\0aee35fc128cdef24d5aa9f683a03370.jpg,DALLE_Advanced,fake,1,1024,1024,4.484610690269619e-05,0.55657113,0,real,0,false_negative,59
baseline2_njr,E:\TikTokTechJam\Track5Data(1)\Track5Data\official_demo_validation\fake\Advanced\DALLE3\dalle3\202311070924598319e76b1a88ba6c\0aee35fc128cdef24d5aa9f683a03370.jpg,DALLE_Advanced,fake,1,1024,1024,4.484610690269619e-05,0.55657113,0,real,0,false_negative,60
baseline2_njr,E:\TikTokTechJam\Track5Data(1)\Track5Data\official_demo_validation\fake\Advanced\DALLE3\dalle3\202311070924598319e76b1a88ba6c\3664205ac8d22d8fa0ac4213f491542e.jpg,DALLE_Advanced,fake,1,1024,1024,4.8177378630498424e-05,0.55657113,0,real,0,false_negative,61
baseline2_njr,E:\TikTokTechJam\Track5Data(1)\Track5Data\official_demo_validation\fake\Advanced\DALLE3\dalle3\20231102143933b82206831d45b85d\c0886b89641131358d932f1d4d5086f0.jpg,DALLE_Advanced,fake,1,1024,1024,5.0135211495216936e-05,0.55657113,0,real,0,false_negative,62
baseline2_njr,E:\TikTokTechJam\Track5Data(1)\Track5Data\official_demo_validation\fake\Advanced\DALLE3\dalle3\2023110215025084768300d30fc34f\c0886b89641131358d932f1d4d5086f0.jpg,DALLE_Advanced,fake,1,1024,1024,5.0135211495216936e-05,0.55657113,0,real,0,false_negative,63
baseline2_njr,E:\TikTokTechJam\Track5Data(1)\Track5Data\official_demo_validation\fake\Advanced\DALLE3\dalle3\20231103102150b17aad067ad7e034\c0886b89641131358d932f1d4d5086f0.jpg,DALLE_Advanced,fake,1,1024,1024,5.0135211495216936e-05,0.55657113,0,real,0,false_negative,64
baseline2_njr,E:\TikTokTechJam\Track5Data(1)\Track5Data\official_demo_validation\fake\Advanced\DALLE3\dalle3\202311070924598319e76b1a88ba6c\c0886b89641131358d932f1d4d5086f0.jpg,DALLE_Advanced,fake,1,1024,1024,5.0135211495216936e-05,0.55657113,0,real,0,false_negative,65
baseline2_njr,E:\TikTokTechJam\Track5Data(1)\Track5Data\official_demo_validation\fake\Advanced\DALLE3\dalle3\202311011943129901ca391019566e\6722e06eaaa0b7d4f10a19869a76b1bf.jpg,DALLE_Advanced,fake,1,1024,1024,5.0739221478579566e-05,0.55657113,0,real,0,false_negative,66
baseline2_njr,E:\TikTokTechJam\Track5Data(1)\Track5Data\official_demo_validation\fake\Advanced\DALLE3\dalle3\202311011943129901ca391019566e\6ccfdc7824ca89293bb1ea65188eff70.jpg,DALLE_Advanced,fake,1,1024,1024,5.0787246436811984e-05,0.55657113,0,real,0,false_negative,67
baseline2_njr,E:\TikTokTechJam\Track5Data(1)\Track5Data\official_demo_validation\fake\Advanced\DALLE3\dalle3\20231102143933b82206831d45b85d\73a39673d6aa75a508c03e500cf2e37a.jpg,DALLE_Advanced,fake,1,1024,1024,5.4513951909029856e-05,0.55657113,0,real,0,false_negative,68
baseline2_njr,E:\TikTokTechJam\Track5Data(1)\Track5Data\official_demo_validation\fake\Advanced\DALLE3\dalle3\2023110215025084768300d30fc34f\73a39673d6aa75a508c03e500cf2e37a.jpg,DALLE_Advanced,fake,1,1024,1024,5.4513951909029856e-05,0.55657113,0,real,0,false_negative,69
baseline2_njr,E:\TikTokTechJam\Track5Data(1)\Track5Data\official_demo_validation\fake\Advanced\DALLE3\dalle3\20231103102150b17aad067ad7e034\73a39673d6aa75a508c03e500cf2e37a.jpg,DALLE_Advanced,fake,1,1024,1024,5.4513951909029856e-05,0.55657113,0,real,0,false_negative,70
baseline2_njr,E:\TikTokTechJam\Track5Data(1)\Track5Data\official_demo_validation\fake\Advanced\DALLE3\dalle3\202311070924598319e76b1a88ba6c\73a39673d6aa75a508c03e500cf2e37a.jpg,DALLE_Advanced,fake,1,1024,1024,5.4513951909029856e-05,0.55657113,0,real,0,false_negative,71
baseline2_njr,E:\TikTokTechJam\Track5Data(1)\Track5Data\official_demo_validation\fake\Advanced\DALLE3\dalle3\20231102143933b82206831d45b85d\7a3c552b6094c68e856458a06c64fb7c.jpg,DALLE_Advanced,fake,1,1024,1024,6.493354885606095e-05,0.55657113,0,real,0,false_negative,72
baseline2_njr,E:\TikTokTechJam\Track5Data(1)\Track5Data\official_demo_validation\fake\Advanced\DALLE3\dalle3\2023110215025084768300d30fc34f\7a3c552b6094c68e856458a06c64fb7c.jpg,DALLE_Advanced,fake,1,1024,1024,6.493354885606095e-05,0.55657113,0,real,0,false_negative,73
baseline2_njr,E:\TikTokTechJam\Track5Data(1)\Track5Data\official_demo_validation\fake\Advanced\DALLE3\dalle3\20231102153107b5de8e3a8d244d4d\7a3c552b6094c68e856458a06c64fb7c.jpg,DALLE_Advanced,fake,1,1024,1024,6.493354885606095e-05,0.55657113,0,real,0,false_negative,74
baseline2_njr,E:\TikTokTechJam\Track5Data(1)\Track5Data\official_demo_validation\fake\Advanced\DALLE3\dalle3\20231103102150b17aad067ad7e034\7a3c552b6094c68e856458a06c64fb7c.jpg,DALLE_Advanced,fake,1,1024,1024,6.493354885606095e-05,0.55657113,0,real,0,false_negative,75
baseline2_njr,E:\TikTokTechJam\Track5Data(1)\Track5Data\official_demo_validation\fake\Advanced\DALLE3\dalle3\202311070924598319e76b1a88ba6c\7a3c552b6094c68e856458a06c64fb7c.jpg,DALLE_Advanced,fake,1,1024,1024,6.493354885606095e-05,0.55657113,0,real,0,false_negative,76
baseline2_njr,E:\TikTokTechJam\Track5Data(1)\Track5Data\official_demo_validation\fake\Advanced\DALLE3\dalle3\20231102143933b82206831d45b85d\151ecd416ffba76433b878903c8b67d0.jpg,DALLE_Advanced,fake,1,1792,1024,8.730047557037324e-05,0.55657113,0,real,0,false_negative,77
baseline2_njr,E:\TikTokTechJam\Track5Data(1)\Track5Data\official_demo_validation\fake\Advanced\DALLE3\dalle3\2023110215025084768300d30fc34f\151ecd416ffba76433b878903c8b67d0.jpg,DALLE_Advanced,fake,1,1792,1024,8.730047557037324e-05,0.55657113,0,real,0,false_negative,78
baseline2_njr,E:\TikTokTechJam\Track5Data(1)\Track5Data\official_demo_validation\fake\Advanced\DALLE3\dalle3\202311011943129901ca391019566e\9e228b4cb99df6c3eb4397587cfddd26.jpg,DALLE_Advanced,fake,1,1024,1024,8.981610153568909e-05,0.55657113,0,real,0,false_negative,79
baseline2_njr,E:\TikTokTechJam\Track5Data(1)\Track5Data\official_demo_validation\fake\Advanced\DALLE3\dalle3\202311011943129901ca391019566e\54e9445880b78a3622922dda1f181451.jpg,DALLE_Advanced,fake,1,1024,1024,9.415532986167818e-05,0.55657113,0,real,0,false_negative,80
baseline2_njr,E:\TikTokTechJam\Track5Data(1)\Track5Data\official_demo_validation\fake\Advanced\DALLE3\dalle3\20231102143933b82206831d45b85d\33bcdc740c090e0b8c5de5556f3f0344.jpg,DALLE_Advanced,fake,1,1024,1024,0.0001011184649541974,0.55657113,0,real,0,false_negative,81
baseline2_njr,E:\TikTokTechJam\Track5Data(1)\Track5Data\official_demo_validation\fake\Advanced\DALLE3\dalle3\2023110215025084768300d30fc34f\33bcdc740c090e0b8c5de5556f3f0344.jpg,DALLE_Advanced,fake,1,1024,1024,0.0001011184649541974,0.55657113,0,real,0,false_negative,82
baseline2_njr,E:\TikTokTechJam\Track5Data(1)\Track5Data\official_demo_validation\fake\Advanced\DALLE3\dalle3\20231103102150b17aad067ad7e034\33bcdc740c090e0b8c5de5556f3f0344.jpg,DALLE_Advanced,fake,1,1024,1024,0.0001011184649541974,0.55657113,0,real,0,false_negative,83
baseline2_njr,E:\TikTokTechJam\Track5Data(1)\Track5Data\official_demo_validation\fake\Advanced\DALLE3\dalle3\202311070924598319e76b1a88ba6c\33bcdc740c090e0b8c5de5556f3f0344.jpg,DALLE_Advanced,fake,1,1024,1024,0.0001011184649541974,0.55657113,0,real,0,false_negative,84
baseline2_njr,E:\TikTokTechJam\Track5Data(1)\Track5Data\official_demo_validation\fake\Advanced\DALLE3\dalle3\20231102143933b82206831d45b85d\c0b8b12f602a718b413ba878a3d6c720.jpg,DALLE_Advanced,fake,1,1024,1024,0.00010848182864720002,0.55657113,0,real,0,false_negative,85
baseline2_njr,E:\TikTokTechJam\Track5Data(1)\Track5Data\official_demo_validation\fake\Advanced\DALLE3\dalle3\2023110215025084768300d30fc34f\c0b8b12f602a718b413ba878a3d6c720.jpg,DALLE_Advanced,fake,1,1024,1024,0.00010848182864720002,0.55657113,0,real,0,false_negative,86
baseline2_njr,E:\TikTokTechJam\Track5Data(1)\Track5Data\official_demo_validation\fake\Advanced\DALLE3\dalle3\20231103102150b17aad067ad7e034\c0b8b12f602a718b413ba878a3d6c720.jpg,DALLE_Advanced,fake,1,1024,1024,0.00010848182864720002,0.55657113,0,real,0,false_negative,87
baseline2_njr,E:\TikTokTechJam\Track5Data(1)\Track5Data\official_demo_validation\fake\Advanced\DALLE3\dalle3\202311070924598319e76b1a88ba6c\c0b8b12f602a718b413ba878a3d6c720.jpg,DALLE_Advanced,fake,1,1024,1024,0.00010848182864720002,0.55657113,0,real,0,false_negative,88
baseline2_njr,E:\TikTokTechJam\Track5Data(1)\Track5Data\official_demo_validation\fake\Advanced\DALLE3\dalle3\202311011943129901ca391019566e\a519caa9423c1c633391afc66068ec06.jpg,DALLE_Advanced,fake,1,1024,1024,0.00010939649655483663,0.55657113,0,real,0,false_negative,89
baseline2_njr,E:\TikTokTechJam\Track5Data(1)\Track5Data\official_demo_validation\fake\Advanced\DALLE3\dalle3\202311011943129901ca391019566e\c7abcf1ca59d06de41aa979d4be89c77.jpg,DALLE_Advanced,fake,1,1024,1024,0.00013331395166460425,0.55657113,0,real,0,false_negative,90
baseline2_njr,E:\TikTokTechJam\Track5Data(1)\Track5Data\official_demo_validation\fake\Advanced\DALLE3\dalle3\202311011943129901ca391019566e\8a0d142552079e2ad75045d99aaeda49.jpg,DALLE_Advanced,fake,1,1024,1024,0.00013870223483536392,0.55657113,0,real,0,false_negative,91
baseline2_njr,E:\TikTokTechJam\Track5Data(1)\Track5Data\official_demo_validation\fake\Advanced\DALLE3\dalle3\20231102143933b82206831d45b85d\314c3b54119772209c98e848b91104d9.jpg,DALLE_Advanced,fake,1,1024,1024,0.00014030140300747007,0.55657113,0,real,0,false_negative,92
baseline2_njr,E:\TikTokTechJam\Track5Data(1)\Track5Data\official_demo_validation\fake\Advanced\DALLE3\dalle3\2023110215025084768300d30fc34f\314c3b54119772209c98e848b91104d9.jpg,DALLE_Advanced,fake,1,1024,1024,0.00014030140300747007,0.55657113,0,real,0,false_negative,93
baseline2_njr,E:\TikTokTechJam\Track5Data(1)\Track5Data\official_demo_validation\fake\Advanced\DALLE3\dalle3\20231103102150b17aad067ad7e034\314c3b54119772209c98e848b91104d9.jpg,DALLE_Advanced,fake,1,1024,1024,0.00014030140300747007,0.55657113,0,real,0,false_negative,94
baseline2_njr,E:\TikTokTechJam\Track5Data(1)\Track5Data\official_demo_validation\fake\Advanced\DALLE3\dalle3\202311070924598319e76b1a88ba6c\314c3b54119772209c98e848b91104d9.jpg,DALLE_Advanced,fake,1,1024,1024,0.00014030140300747007,0.55657113,0,real,0,false_negative,95
baseline2_njr,E:\TikTokTechJam\Track5Data(1)\Track5Data\official_demo_validation\fake\Advanced\DALLE3\dalle3\202311011943129901ca391019566e\50300eb19e6419e91810876c52818ebc.jpg,DALLE_Advanced,fake,1,1024,1024,0.00015478505520150065,0.55657113,0,real,0,false_negative,96
baseline2_njr,E:\TikTokTechJam\Track5Data(1)\Track5Data\official_demo_validation\fake\Advanced\DALLE3\dalle3\20231102143933b82206831d45b85d\95084052d86affb5a42533eb2a8b8dc5.jpg,DALLE_Advanced,fake,1,1792,1024,0.00016508731641806662,0.55657113,0,real,0,false_negative,97
baseline2_njr,E:\TikTokTechJam\Track5Data(1)\Track5Data\official_demo_validation\fake\Advanced\DALLE3\dalle3\2023110215025084768300d30fc34f\95084052d86affb5a42533eb2a8b8dc5.jpg,DALLE_Advanced,fake,1,1792,1024,0.00016508731641806662,0.55657113,0,real,0,false_negative,98
baseline2_njr,E:\TikTokTechJam\Track5Data(1)\Track5Data\official_demo_validation\fake\Advanced\DALLE3\dalle3\20231103102150b17aad067ad7e034\95084052d86affb5a42533eb2a8b8dc5.jpg,DALLE_Advanced,fake,1,1792,1024,0.00016508731641806662,0.55657113,0,real,0,false_negative,99
baseline2_njr,E:\TikTokTechJam\Track5Data(1)\Track5Data\official_demo_validation\fake\Advanced\DALLE3\dalle3\202311070924598319e76b1a88ba6c\95084052d86affb5a42533eb2a8b8dc5.jpg,DALLE_Advanced,fake,1,1792,1024,0.00016508731641806662,0.55657113,0,real,0,false_negative,100
baseline2_njr,E:\TikTokTechJam\Track5Data(1)\Track5Data\official_demo_validation\fake\Advanced\DALLE3\dalle3\202311070924598319e76b1a88ba6c\a65e7535c8647c93ada6efec4048bb7a.jpg,DALLE_Advanced,fake,1,1024,1024,0.00018042685405816883,0.55657113,0,real,0,false_negative,101
baseline2_njr,E:\TikTokTechJam\Track5Data(1)\Track5Data\official_demo_validation\fake\Advanced\DALLE3\dalle3\202311070924598319e76b1a88ba6c\6e36c4a5bd958134e9d22b02d1269575.jpg,DALLE_Advanced,fake,1,1024,1024,0.0001962853712029755,0.55657113,0,real,0,false_negative,102
baseline2_njr,E:\TikTokTechJam\Track5Data(1)\Track5Data\official_demo_validation\fake\Advanced\DALLE3\dalle3\20231102143933b82206831d45b85d\ab95515a27f1f038abd139d2cf8dbaa9.jpg,DALLE_Advanced,fake,1,1024,1024,0.0001984093978535384,0.55657113,0,real,0,false_negative,103
baseline2_njr,E:\TikTokTechJam\Track5Data(1)\Track5Data\official_demo_validation\fake\Advanced\DALLE3\dalle3\2023110215025084768300d30fc34f\ab95515a27f1f038abd139d2cf8dbaa9.jpg,DALLE_Advanced,fake,1,1024,1024,0.0001984093978535384,0.55657113,0,real,0,false_negative,104
baseline2_njr,E:\TikTokTechJam\Track5Data(1)\Track5Data\official_demo_validation\fake\Advanced\DALLE3\dalle3\20231103102150b17aad067ad7e034\ab95515a27f1f038abd139d2cf8dbaa9.jpg,DALLE_Advanced,fake,1,1024,1024,0.0001984093978535384,0.55657113,0,real,0,false_negative,105
baseline2_njr,E:\TikTokTechJam\Track5Data(1)\Track5Data\official_demo_validation\fake\Advanced\DALLE3\dalle3\202311070924598319e76b1a88ba6c\ab95515a27f1f038abd139d2cf8dbaa9.jpg,DALLE_Advanced,fake,1,1024,1024,0.0001984093978535384,0.55657113,0,real,0,false_negative,106
baseline2_njr,E:\TikTokTechJam\Track5Data(1)\Track5Data\official_demo_validation\fake\Advanced\DALLE3\dalle3\20231102143933b82206831d45b85d\ca7b2436b8a11386038f7c9590e3e1d7.jpg,DALLE_Advanced,fake,1,1024,1024,0.00021118043514434248,0.55657113,0,real,0,false_negative,107
baseline2_njr,E:\TikTokTechJam\Track5Data(1)\Track5Data\official_demo_validation\fake\Advanced\DALLE3\dalle3\2023110215025084768300d30fc34f\ca7b2436b8a11386038f7c9590e3e1d7.jpg,DALLE_Advanced,fake,1,1024,1024,0.00021118043514434248,0.55657113,0,real,0,false_negative,108
baseline2_njr,E:\TikTokTechJam\Track5Data(1)\Track5Data\official_demo_validation\fake\Advanced\DALLE3\dalle3\20231103102150b17aad067ad7e034\ca7b2436b8a11386038f7c9590e3e1d7.jpg,DALLE_Advanced,fake,1,1024,1024,0.00021118043514434248,0.55657113,0,real,0,false_negative,109
baseline2_njr,E:\TikTokTechJam\Track5Data(1)\Track5Data\official_demo_validation\fake\Advanced\DALLE3\dalle3\202311070924598319e76b1a88ba6c\ca7b2436b8a11386038f7c9590e3e1d7.jpg,DALLE_Advanced,fake,1,1024,1024,0.00021118043514434248,0.55657113,0,real,0,false_negative,110
baseline2_njr,E:\TikTokTechJam\Track5Data(1)\Track5Data\official_demo_validation\fake\Advanced\DALLE3\dalle3\20231102143933b82206831d45b85d\fefd745488ae4f71873a1dbe69152894.jpg,DALLE_Advanced,fake,1,1024,1024,0.0002113393711624667,0.55657113,0,real,0,false_negative,111
baseline2_njr,E:\TikTokTechJam\Track5Data(1)\Track5Data\official_demo_validation\fake\Advanced\DALLE3\dalle3\2023110215025084768300d30fc34f\fefd745488ae4f71873a1dbe69152894.jpg,DALLE_Advanced,fake,1,1024,1024,0.0002113393711624667,0.55657113,0,real,0,false_negative,112
baseline2_njr,E:\TikTokTechJam\Track5Data(1)\Track5Data\official_demo_validation\fake\Advanced\DALLE3\dalle3\20231103102150b17aad067ad7e034\fefd745488ae4f71873a1dbe69152894.jpg,DALLE_Advanced,fake,1,1024,1024,0.0002113393711624667,0.55657113,0,real,0,false_negative,113
baseline2_njr,E:\TikTokTechJam\Track5Data(1)\Track5Data\official_demo_validation\fake\Advanced\DALLE3\dalle3\202311070924598319e76b1a88ba6c\fefd745488ae4f71873a1dbe69152894.jpg,DALLE_Advanced,fake,1,1024,1024,0.0002113393711624667,0.55657113,0,real,0,false_negative,114
baseline2_njr,E:\TikTokTechJam\Track5Data(1)\Track5Data\official_demo_validation\fake\Advanced\DALLE3\dalle3\202311011943129901ca391019566e\edc0ae92b84620fd57f2a72508c01e67.jpg,DALLE_Advanced,fake,1,1024,1024,0.00022621425159741193,0.55657113,0,real,0,false_negative,115
baseline2_njr,E:\TikTokTechJam\Track5Data(1)\Track5Data\official_demo_validation\fake\Advanced\DALLE3\dalle3\20231102143933b82206831d45b85d\bf8561a7d64516c52b84c6ab5046b93c.jpg,DALLE_Advanced,fake,1,1024,1024,0.00022930065460968763,0.55657113,0,real,0,false_negative,116
baseline2_njr,E:\TikTokTechJam\Track5Data(1)\Track5Data\official_demo_validation\fake\Advanced\DALLE3\dalle3\2023110215025084768300d30fc34f\bf8561a7d64516c52b84c6ab5046b93c.jpg,DALLE_Advanced,fake,1,1024,1024,0.00022930065460968763,0.55657113,0,real,0,false_negative,117
baseline2_njr,E:\TikTokTechJam\Track5Data(1)\Track5Data\official_demo_validation\fake\Advanced\DALLE3\dalle3\20231103102150b17aad067ad7e034\bf8561a7d64516c52b84c6ab5046b93c.jpg,DALLE_Advanced,fake,1,1024,1024,0.00022930065460968763,0.55657113,0,real,0,false_negative,118
baseline2_njr,E:\TikTokTechJam\Track5Data(1)\Track5Data\official_demo_validation\fake\Advanced\DALLE3\dalle3\202311070924598319e76b1a88ba6c\bf8561a7d64516c52b84c6ab5046b93c.jpg,DALLE_Advanced,fake,1,1024,1024,0.00022930065460968763,0.55657113,0,real,0,false_negative,119
baseline2_njr,E:\TikTokTechJam\Track5Data(1)\Track5Data\official_demo_validation\fake\Advanced\DALLE3\dalle3\20231102143933b82206831d45b85d\bf36af6efc26f9fa98adc88a6d55d1c2.jpg,DALLE_Advanced,fake,1,1024,1024,0.00024131746613420546,0.55657113,0,real,0,false_negative,120
baseline2_njr,E:\TikTokTechJam\Track5Data(1)\Track5Data\official_demo_validation\fake\Advanced\DALLE3\dalle3\2023110215025084768300d30fc34f\bf36af6efc26f9fa98adc88a6d55d1c2.jpg,DALLE_Advanced,fake,1,1024,1024,0.00024131746613420546,0.55657113,0,real,0,false_negative,121
baseline2_njr,E:\TikTokTechJam\Track5Data(1)\Track5Data\official_demo_validation\fake\Advanced\DALLE3\dalle3\20231103102150b17aad067ad7e034\bf36af6efc26f9fa98adc88a6d55d1c2.jpg,DALLE_Advanced,fake,1,1024,1024,0.00024131746613420546,0.55657113,0,real,0,false_negative,122
baseline2_njr,E:\TikTokTechJam\Track5Data(1)\Track5Data\official_demo_validation\fake\Advanced\DALLE3\dalle3\202311070924598319e76b1a88ba6c\bf36af6efc26f9fa98adc88a6d55d1c2.jpg,DALLE_Advanced,fake,1,1024,1024,0.00024131746613420546,0.55657113,0,real,0,false_negative,123
baseline2_njr,E:\TikTokTechJam\Track5Data(1)\Track5Data\official_demo_validation\fake\Advanced\DALLE3\dalle3\20231102143933b82206831d45b85d\94368807bbfb9f9726e42c24e42a647d.jpg,DALLE_Advanced,fake,1,1024,1024,0.0002435252390569076,0.55657113,0,real,0,false_negative,124
baseline2_njr,E:\TikTokTechJam\Track5Data(1)\Track5Data\official_demo_validation\fake\Advanced\DALLE3\dalle3\2023110215025084768300d30fc34f\94368807bbfb9f9726e42c24e42a647d.jpg,DALLE_Advanced,fake,1,1024,1024,0.0002435252390569076,0.55657113,0,real,0,false_negative,125
baseline2_njr,E:\TikTokTechJam\Track5Data(1)\Track5Data\official_demo_validation\fake\Advanced\DALLE3\dalle3\20231103102150b17aad067ad7e034\94368807bbfb9f9726e42c24e42a647d.jpg,DALLE_Advanced,fake,1,1024,1024,0.0002435252390569076,0.55657113,0,real,0,false_negative,126
baseline2_njr,E:\TikTokTechJam\Track5Data(1)\Track5Data\official_demo_validation\fake\Advanced\DALLE3\dalle3\202311070924598319e76b1a88ba6c\94368807bbfb9f9726e42c24e42a647d.jpg,DALLE_Advanced,fake,1,1024,1024,0.0002435252390569076,0.55657113,0,real,0,false_negative,127
baseline2_njr,E:\TikTokTechJam\Track5Data(1)\Track5Data\official_demo_validation\fake\Advanced\DALLE3\dalle3\20231102143933b82206831d45b85d\e1b611a18c2988b9ce6bfddabf58dda7.jpg,DALLE_Advanced,fake,1,1024,1024,0.00025107472902163863,0.55657113,0,real,0,false_negative,128
baseline2_njr,E:\TikTokTechJam\Track5Data(1)\Track5Data\official_demo_validation\fake\Advanced\DALLE3\dalle3\2023110215025084768300d30fc34f\e1b611a18c2988b9ce6bfddabf58dda7.jpg,DALLE_Advanced,fake,1,1024,1024,0.00025107472902163863,0.55657113,0,real,0,false_negative,129
baseline2_njr,E:\TikTokTechJam\Track5Data(1)\Track5Data\official_demo_validation\fake\Advanced\DALLE3\dalle3\202311011943129901ca391019566e\b99304edf361c90d35f07b7ac43e20ca.jpg,DALLE_Advanced,fake,1,1024,1024,0.0002782133815344423,0.55657113,0,real,0,false_negative,130
baseline2_njr,E:\TikTokTechJam\Track5Data(1)\Track5Data\official_demo_validation\fake\Advanced\DALLE3\dalle3\20231102143933b82206831d45b85d\a99ca98efbb5884560fc1554da6ac957.jpg,DALLE_Advanced,fake,1,1024,1024,0.00029613240621984005,0.55657113,0,real,0,false_negative,131
baseline2_njr,E:\TikTokTechJam\Track5Data(1)\Track5Data\official_demo_validation\fake\Advanced\DALLE3\dalle3\2023110215025084768300d30fc34f\a99ca98efbb5884560fc1554da6ac957.jpg,DALLE_Advanced,fake,1,1024,1024,0.00029613240621984005,0.55657113,0,real,0,false_negative,132
baseline2_njr,E:\TikTokTechJam\Track5Data(1)\Track5Data\official_demo_validation\fake\Advanced\DALLE3\dalle3\20231103102150b17aad067ad7e034\a99ca98efbb5884560fc1554da6ac957.jpg,DALLE_Advanced,fake,1,1024,1024,0.00029613240621984005,0.55657113,0,real,0,false_negative,133
baseline2_njr,E:\TikTokTechJam\Track5Data(1)\Track5Data\official_demo_validation\fake\Advanced\DALLE3\dalle3\202311070924598319e76b1a88ba6c\a99ca98efbb5884560fc1554da6ac957.jpg,DALLE_Advanced,fake,1,1024,1024,0.00029613240621984005,0.55657113,0,real,0,false_negative,134
baseline2_njr,E:\TikTokTechJam\Track5Data(1)\Track5Data\official_demo_validation\fake\Advanced\DALLE3\dalle3\20231103102150b17aad067ad7e034\2095c99e9917a2f3237e306d8e169fb2.jpg,DALLE_Advanced,fake,1,1792,1024,0.0003082049370277673,0.55657113,0,real,0,false_negative,135
baseline2_njr,E:\TikTokTechJam\Track5Data(1)\Track5Data\official_demo_validation\fake\Advanced\DALLE3\dalle3\20231102143933b82206831d45b85d\ac5729095b4a9432554d02d02a4b29c2.jpg,DALLE_Advanced,fake,1,1792,1024,0.0003169323317706585,0.55657113,0,real,0,false_negative,136
baseline2_njr,E:\TikTokTechJam\Track5Data(1)\Track5Data\official_demo_validation\fake\Advanced\DALLE3\dalle3\2023110215025084768300d30fc34f\ac5729095b4a9432554d02d02a4b29c2.jpg,DALLE_Advanced,fake,1,1792,1024,0.0003169323317706585,0.55657113,0,real,0,false_negative,137
baseline2_njr,E:\TikTokTechJam\Track5Data(1)\Track5Data\official_demo_validation\fake\Advanced\DALLE3\dalle3\20231103102150b17aad067ad7e034\ac5729095b4a9432554d02d02a4b29c2.jpg,DALLE_Advanced,fake,1,1792,1024,0.0003169323317706585,0.55657113,0,real,0,false_negative,138
baseline2_njr,E:\TikTokTechJam\Track5Data(1)\Track5Data\official_demo_validation\fake\Advanced\DALLE3\dalle3\202311070924598319e76b1a88ba6c\ac5729095b4a9432554d02d02a4b29c2.jpg,DALLE_Advanced,fake,1,1792,1024,0.0003169323317706585,0.55657113,0,real,0,false_negative,139
baseline2_njr,E:\TikTokTechJam\Track5Data(1)\Track5Data\official_demo_validation\fake\Advanced\DALLE3\dalle3\202311011943129901ca391019566e\00c573bb9bc5a7eb21bc3be7ae501662.jpg,DALLE_Advanced,fake,1,1024,1024,0.00032372368150390685,0.55657113,0,real,0,false_negative,140
baseline2_njr,E:\TikTokTechJam\Track5Data(1)\Track5Data\official_demo_validation\fake\Advanced\DALLE3\dalle3\20231102143933b82206831d45b85d\f4cf1a720f9da74cf4d233ffd9247362.jpg,DALLE_Advanced,fake,1,1024,1024,0.00033263853401876986,0.55657113,0,real,0,false_negative,141
baseline2_njr,E:\TikTokTechJam\Track5Data(1)\Track5Data\official_demo_validation\fake\Advanced\DALLE3\dalle3\2023110215025084768300d30fc34f\f4cf1a720f9da74cf4d233ffd9247362.jpg,DALLE_Advanced,fake,1,1024,1024,0.00033263853401876986,0.55657113,0,real,0,false_negative,142
baseline2_njr,E:\TikTokTechJam\Track5Data(1)\Track5Data\official_demo_validation\fake\Advanced\DALLE3\dalle3\20231103102150b17aad067ad7e034\f4cf1a720f9da74cf4d233ffd9247362.jpg,DALLE_Advanced,fake,1,1024,1024,0.00033263853401876986,0.55657113,0,real,0,false_negative,143
baseline2_njr,E:\TikTokTechJam\Track5Data(1)\Track5Data\official_demo_validation\fake\Advanced\DALLE3\dalle3\202311070924598319e76b1a88ba6c\f4cf1a720f9da74cf4d233ffd9247362.jpg,DALLE_Advanced,fake,1,1024,1024,0.00033263853401876986,0.55657113,0,real,0,false_negative,144
baseline2_njr,E:\TikTokTechJam\Track5Data(1)\Track5Data\official_demo_validation\fake\Advanced\DALLE3\dalle3\202311011943129901ca391019566e\20abed32990a6c32807bc52b68f8c116.jpg,DALLE_Advanced,fake,1,1024,1024,0.00033938942942768335,0.55657113,0,real,0,false_negative,145
baseline2_njr,E:\TikTokTechJam\Track5Data(1)\Track5Data\official_demo_validation\fake\Advanced\DALLE3\dalle3\20231102143933b82206831d45b85d\330e89b066604bcfd8f364555ff85f66.jpg,DALLE_Advanced,fake,1,1024,1024,0.00035419483901932836,0.55657113,0,real,0,false_negative,146
baseline2_njr,E:\TikTokTechJam\Track5Data(1)\Track5Data\official_demo_validation\fake\Advanced\DALLE3\dalle3\2023110215025084768300d30fc34f\330e89b066604bcfd8f364555ff85f66.jpg,DALLE_Advanced,fake,1,1024,1024,0.00035419483901932836,0.55657113,0,real,0,false_negative,147
baseline2_njr,E:\TikTokTechJam\Track5Data(1)\Track5Data\official_demo_validation\fake\Advanced\DALLE3\dalle3\20231103102150b17aad067ad7e034\330e89b066604bcfd8f364555ff85f66.jpg,DALLE_Advanced,fake,1,1024,1024,0.00035419483901932836,0.55657113,0,real,0,false_negative,148
baseline2_njr,E:\TikTokTechJam\Track5Data(1)\Track5Data\official_demo_validation\fake\Advanced\DALLE3\dalle3\202311070924598319e76b1a88ba6c\330e89b066604bcfd8f364555ff85f66.jpg,DALLE_Advanced,fake,1,1024,1024,0.00035419483901932836,0.55657113,0,real,0,false_negative,149
baseline2_njr,E:\TikTokTechJam\Track5Data(1)\Track5Data\official_demo_validation\fake\Advanced\DALLE3\dalle3\202311070924598319e76b1a88ba6c\374a93d2b3550d9a895e83b1446170c4.jpg,DALLE_Advanced,fake,1,1792,1024,0.0003807278408203274,0.55657113,0,real,0,false_negative,150
baseline2_njr,E:\TikTokTechJam\Track5Data(1)\Track5Data\official_demo_validation\fake\Advanced\DALLE3\dalle3\20231102143933b82206831d45b85d\f4dc194f1c73526ebe6a65efe26de338.jpg,DALLE_Advanced,fake,1,1024,1024,0.00045422601397149265,0.55657113,0,real,0,false_negative,151
baseline2_njr,E:\TikTokTechJam\Track5Data(1)\Track5Data\official_demo_validation\fake\Advanced\DALLE3\dalle3\2023110215025084768300d30fc34f\f4dc194f1c73526ebe6a65efe26de338.jpg,DALLE_Advanced,fake,1,1024,1024,0.00045422601397149265,0.55657113,0,real,0,false_negative,152
baseline2_njr,E:\TikTokTechJam\Track5Data(1)\Track5Data\official_demo_validation\fake\Advanced\DALLE3\dalle3\20231103102150b17aad067ad7e034\f4dc194f1c73526ebe6a65efe26de338.jpg,DALLE_Advanced,fake,1,1024,1024,0.00045422601397149265,0.55657113,0,real,0,false_negative,153
baseline2_njr,E:\TikTokTechJam\Track5Data(1)\Track5Data\official_demo_validation\fake\Advanced\DALLE3\dalle3\202311070924598319e76b1a88ba6c\f4dc194f1c73526ebe6a65efe26de338.jpg,DALLE_Advanced,fake,1,1024,1024,0.00045422601397149265,0.55657113,0,real,0,false_negative,154
baseline2_njr,E:\TikTokTechJam\Track5Data(1)\Track5Data\official_demo_validation\fake\Advanced\DALLE3\dalle3\202311011943129901ca391019566e\8d532e37065be8077565f74c7995603e.jpg,DALLE_Advanced,fake,1,1024,1024,0.0004727192281279713,0.55657113,0,real,0,false_negative,155
baseline2_njr,E:\TikTokTechJam\Track5Data(1)\Track5Data\official_demo_validation\fake\Advanced\DALLE3\dalle3\202311011943129901ca391019566e\9abeef2d0301b6f3d2555ee495f44309.jpg,DALLE_Advanced,fake,1,1024,1024,0.000481237395433709,0.55657113,0,real,0,false_negative,156
baseline2_njr,E:\TikTokTechJam\Track5Data(1)\Track5Data\official_demo_validation\fake\Advanced\DALLE3\dalle3\202311011943129901ca391019566e\90b5354593d300c906a6656c66ac8c05.jpg,DALLE_Advanced,fake,1,1024,1024,0.0005135187529958785,0.55657113,0,real,0,false_negative,157
baseline2_njr,E:\TikTokTechJam\Track5Data(1)\Track5Data\official_demo_validation\fake\Advanced\DALLE3\dalle3\20231102143933b82206831d45b85d\6b0d03ac3c7669f766395ab348b15920.jpg,DALLE_Advanced,fake,1,1024,1024,0.0005433502956293523,0.55657113,0,real,0,false_negative,158
baseline2_njr,E:\TikTokTechJam\Track5Data(1)\Track5Data\official_demo_validation\fake\Advanced\DALLE3\dalle3\2023110215025084768300d30fc34f\6b0d03ac3c7669f766395ab348b15920.jpg,DALLE_Advanced,fake,1,1024,1024,0.0005433502956293523,0.55657113,0,real,0,false_negative,159
baseline2_njr,E:\TikTokTechJam\Track5Data(1)\Track5Data\official_demo_validation\fake\Advanced\DALLE3\dalle3\20231103102150b17aad067ad7e034\6b0d03ac3c7669f766395ab348b15920.jpg,DALLE_Advanced,fake,1,1024,1024,0.0005433502956293523,0.55657113,0,real,0,false_negative,160
baseline2_njr,E:\TikTokTechJam\Track5Data(1)\Track5Data\official_demo_validation\fake\Advanced\DALLE3\dalle3\202311070924598319e76b1a88ba6c\6b0d03ac3c7669f766395ab348b15920.jpg,DALLE_Advanced,fake,1,1024,1024,0.0005433502956293523,0.55657113,0,real,0,false_negative,161
baseline2_njr,E:\TikTokTechJam\Track5Data(1)\Track5Data\official_demo_validation\fake\Advanced\DALLE3\dalle3\20231102143933b82206831d45b85d\68314012eba212d24f48ea57f7f3099f.jpg,DALLE_Advanced,fake,1,1024,1024,0.0005439819651655853,0.55657113,0,real,0,false_negative,162
baseline2_njr,E:\TikTokTechJam\Track5Data(1)\Track5Data\official_demo_validation\fake\Advanced\DALLE3\dalle3\2023110215025084768300d30fc34f\68314012eba212d24f48ea57f7f3099f.jpg,DALLE_Advanced,fake,1,1024,1024,0.0005439819651655853,0.55657113,0,real,0,false_negative,163
baseline2_njr,E:\TikTokTechJam\Track5Data(1)\Track5Data\official_demo_validation\fake\Advanced\DALLE3\dalle3\20231103102150b17aad067ad7e034\68314012eba212d24f48ea57f7f3099f.jpg,DALLE_Advanced,fake,1,1024,1024,0.0005439819651655853,0.55657113,0,real,0,false_negative,164
baseline2_njr,E:\TikTokTechJam\Track5Data(1)\Track5Data\official_demo_validation\fake\Advanced\DALLE3\dalle3\202311070924598319e76b1a88ba6c\68314012eba212d24f48ea57f7f3099f.jpg,DALLE_Advanced,fake,1,1024,1024,0.0005439819651655853,0.55657113,0,real,0,false_negative,165
baseline2_njr,E:\TikTokTechJam\Track5Data(1)\Track5Data\official_demo_validation\fake\Advanced\DALLE3\dalle3\20231102143933b82206831d45b85d\4173ab8ca97a78d80fbfec6338349b57.jpg,DALLE_Advanced,fake,1,1024,1024,0.000557378341909498,0.55657113,0,real,0,false_negative,166
baseline2_njr,E:\TikTokTechJam\Track5Data(1)\Track5Data\official_demo_validation\fake\Advanced\DALLE3\dalle3\2023110215025084768300d30fc34f\4173ab8ca97a78d80fbfec6338349b57.jpg,DALLE_Advanced,fake,1,1024,1024,0.000557378341909498,0.55657113,0,real,0,false_negative,167
baseline2_njr,E:\TikTokTechJam\Track5Data(1)\Track5Data\official_demo_validation\fake\Advanced\DALLE3\dalle3\20231103102150b17aad067ad7e034\4173ab8ca97a78d80fbfec6338349b57.jpg,DALLE_Advanced,fake,1,1024,1024,0.000557378341909498,0.55657113,0,real,0,false_negative,168
baseline2_njr,E:\TikTokTechJam\Track5Data(1)\Track5Data\official_demo_validation\fake\Advanced\DALLE3\dalle3\202311070924598319e76b1a88ba6c\4173ab8ca97a78d80fbfec6338349b57.jpg,DALLE_Advanced,fake,1,1024,1024,0.000557378341909498,0.55657113,0,real,0,false_negative,169
baseline2_njr,E:\TikTokTechJam\Track5Data(1)\Track5Data\official_demo_validation\fake\Advanced\DALLE3\dalle3\20231102143933b82206831d45b85d\e0913d5b9eb0a2c74bc377d336f276c1.jpg,DALLE_Advanced,fake,1,1024,1024,0.0005587802152149379,0.55657113,0,real,0,false_negative,170
baseline2_njr,E:\TikTokTechJam\Track5Data(1)\Track5Data\official_demo_validation\fake\Advanced\DALLE3\dalle3\2023110215025084768300d30fc34f\e0913d5b9eb0a2c74bc377d336f276c1.jpg,DALLE_Advanced,fake,1,1024,1024,0.0005587802152149379,0.55657113,0,real,0,false_negative,171
baseline2_njr,E:\TikTokTechJam\Track5Data(1)\Track5Data\official_demo_validation\fake\Advanced\DALLE3\dalle3\20231103102150b17aad067ad7e034\e0913d5b9eb0a2c74bc377d336f276c1.jpg,DALLE_Advanced,fake,1,1024,1024,0.0005587802152149379,0.55657113,0,real,0,false_negative,172
baseline2_njr,E:\TikTokTechJam\Track5Data(1)\Track5Data\official_demo_validation\fake\Advanced\DALLE3\dalle3\202311070924598319e76b1a88ba6c\e0913d5b9eb0a2c74bc377d336f276c1.jpg,DALLE_Advanced,fake,1,1024,1024,0.0005587802152149379,0.55657113,0,real,0,false_negative,173
baseline2_njr,E:\TikTokTechJam\Track5Data(1)\Track5Data\official_demo_validation\fake\Advanced\DALLE3\dalle3\20231102143933b82206831d45b85d\8448f18eec5bfd08bde827a0bbc6b441.jpg,DALLE_Advanced,fake,1,1024,1024,0.000586644047871232,0.55657113,0,real,0,false_negative,174
baseline2_njr,E:\TikTokTechJam\Track5Data(1)\Track5Data\official_demo_validation\fake\Advanced\DALLE3\dalle3\2023110215025084768300d30fc34f\8448f18eec5bfd08bde827a0bbc6b441.jpg,DALLE_Advanced,fake,1,1024,1024,0.000586644047871232,0.55657113,0,real,0,false_negative,175
baseline2_njr,E:\TikTokTechJam\Track5Data(1)\Track5Data\official_demo_validation\fake\Advanced\DALLE3\dalle3\20231103102150b17aad067ad7e034\8448f18eec5bfd08bde827a0bbc6b441.jpg,DALLE_Advanced,fake,1,1024,1024,0.000586644047871232,0.55657113,0,real,0,false_negative,176
baseline2_njr,E:\TikTokTechJam\Track5Data(1)\Track5Data\official_demo_validation\fake\Advanced\DALLE3\dalle3\202311070924598319e76b1a88ba6c\8448f18eec5bfd08bde827a0bbc6b441.jpg,DALLE_Advanced,fake,1,1024,1024,0.000586644047871232,0.55657113,0,real,0,false_negative,177
baseline2_njr,E:\TikTokTechJam\Track5Data(1)\Track5Data\official_demo_validation\fake\Advanced\DALLE3\dalle3\20231102143933b82206831d45b85d\89c122e7058929a1ad761f827271ce54.jpg,DALLE_Advanced,fake,1,1024,1024,0.0005980571149848402,0.55657113,0,real,0,false_negative,178
baseline2_njr,E:\TikTokTechJam\Track5Data(1)\Track5Data\official_demo_validation\fake\Advanced\DALLE3\dalle3\2023110215025084768300d30fc34f\89c122e7058929a1ad761f827271ce54.jpg,DALLE_Advanced,fake,1,1024,1024,0.0005980571149848402,0.55657113,0,real,0,false_negative,179
baseline2_njr,E:\TikTokTechJam\Track5Data(1)\Track5Data\official_demo_validation\fake\Advanced\DALLE3\dalle3\20231103102150b17aad067ad7e034\89c122e7058929a1ad761f827271ce54.jpg,DALLE_Advanced,fake,1,1024,1024,0.0005980571149848402,0.55657113,0,real,0,false_negative,180
baseline2_njr,E:\TikTokTechJam\Track5Data(1)\Track5Data\official_demo_validation\fake\Advanced\DALLE3\dalle3\202311070924598319e76b1a88ba6c\89c122e7058929a1ad761f827271ce54.jpg,DALLE_Advanced,fake,1,1024,1024,0.0005980571149848402,0.55657113,0,real,0,false_negative,181
baseline2_njr,E:\TikTokTechJam\Track5Data(1)\Track5Data\official_demo_validation\fake\Advanced\DALLE3\dalle3\202311011943129901ca391019566e\e111f40fca818fa2a5173ef80d781f2c.jpg,DALLE_Advanced,fake,1,1024,1024,0.0006061678868718445,0.55657113,0,real,0,false_negative,182
baseline2_njr,E:\TikTokTechJam\Track5Data(1)\Track5Data\official_demo_validation\fake\Advanced\DALLE3\dalle3\20231102143933b82206831d45b85d\6ccb07aa1f4d989103a9e2754c2a9b11.jpg,DALLE_Advanced,fake,1,1024,1024,0.0006226900150068104,0.55657113,0,real,0,false_negative,183
baseline2_njr,E:\TikTokTechJam\Track5Data(1)\Track5Data\official_demo_validation\fake\Advanced\DALLE3\dalle3\2023110215025084768300d30fc34f\6ccb07aa1f4d989103a9e2754c2a9b11.jpg,DALLE_Advanced,fake,1,1024,1024,0.0006226900150068104,0.55657113,0,real,0,false_negative,184
baseline2_njr,E:\TikTokTechJam\Track5Data(1)\Track5Data\official_demo_validation\fake\Advanced\DALLE3\dalle3\20231103102150b17aad067ad7e034\6ccb07aa1f4d989103a9e2754c2a9b11.jpg,DALLE_Advanced,fake,1,1024,1024,0.0006226900150068104,0.55657113,0,real,0,false_negative,185
baseline2_njr,E:\TikTokTechJam\Track5Data(1)\Track5Data\official_demo_validation\fake\Advanced\DALLE3\dalle3\202311070924598319e76b1a88ba6c\6ccb07aa1f4d989103a9e2754c2a9b11.jpg,DALLE_Advanced,fake,1,1024,1024,0.0006226900150068104,0.55657113,0,real,0,false_negative,186
baseline2_njr,E:\TikTokTechJam\Track5Data(1)\Track5Data\official_demo_validation\fake\Advanced\DALLE3\dalle3\202311011943129901ca391019566e\3ba59b679202a365b18a667c1dec96cf.jpg,DALLE_Advanced,fake,1,1024,1024,0.0006276883068494499,0.55657113,0,real,0,false_negative,187
baseline2_njr,E:\TikTokTechJam\Track5Data(1)\Track5Data\official_demo_validation\fake\Advanced\DALLE3\dalle3\202311011943129901ca391019566e\de3ac85d8ccc2547bad3fd729a3173c3.jpg,DALLE_Advanced,fake,1,1024,1024,0.0006331848562695086,0.55657113,0,real,0,false_negative,188
baseline2_njr,E:\TikTokTechJam\Track5Data(1)\Track5Data\official_demo_validation\fake\Advanced\DALLE3\dalle3\202311070924598319e76b1a88ba6c\fcbcf9fe87ee04c092589eb080a5eded.jpg,DALLE_Advanced,fake,1,1024,1024,0.000635772361420095,0.55657113,0,real,0,false_negative,189
baseline2_njr,E:\TikTokTechJam\Track5Data(1)\Track5Data\official_demo_validation\fake\Advanced\DALLE3\dalle3\20231102143933b82206831d45b85d\ecc2b25599ad985c691ba6ab332222d5.jpg,DALLE_Advanced,fake,1,1024,1024,0.0007187493029050529,0.55657113,0,real,0,false_negative,190
baseline2_njr,E:\TikTokTechJam\Track5Data(1)\Track5Data\official_demo_validation\fake\Advanced\DALLE3\dalle3\2023110215025084768300d30fc34f\ecc2b25599ad985c691ba6ab332222d5.jpg,DALLE_Advanced,fake,1,1024,1024,0.0007187493029050529,0.55657113,0,real,0,false_negative,191
baseline2_njr,E:\TikTokTechJam\Track5Data(1)\Track5Data\official_demo_validation\fake\Advanced\DALLE3\dalle3\20231103102150b17aad067ad7e034\ecc2b25599ad985c691ba6ab332222d5.jpg,DALLE_Advanced,fake,1,1024,1024,0.0007187493029050529,0.55657113,0,real,0,false_negative,192
baseline2_njr,E:\TikTokTechJam\Track5Data(1)\Track5Data\official_demo_validation\fake\Advanced\DALLE3\dalle3\202311070924598319e76b1a88ba6c\ecc2b25599ad985c691ba6ab332222d5.jpg,DALLE_Advanced,fake,1,1024,1024,0.0007187493029050529,0.55657113,0,real,0,false_negative,193
baseline2_njr,E:\TikTokTechJam\Track5Data(1)\Track5Data\official_demo_validation\fake\Advanced\DALLE3\dalle3\20231102143933b82206831d45b85d\59896c6f1b91828d0d48e9d815ab64e8.jpg,DALLE_Advanced,fake,1,1024,1024,0.0007310988148674369,0.55657113,0,real,0,false_negative,194
baseline2_njr,E:\TikTokTechJam\Track5Data(1)\Track5Data\official_demo_validation\fake\Advanced\DALLE3\dalle3\2023110215025084768300d30fc34f\59896c6f1b91828d0d48e9d815ab64e8.jpg,DALLE_Advanced,fake,1,1024,1024,0.0007310988148674369,0.55657113,0,real,0,false_negative,195
baseline2_njr,E:\TikTokTechJam\Track5Data(1)\Track5Data\official_demo_validation\fake\Advanced\DALLE3\dalle3\20231103102150b17aad067ad7e034\59896c6f1b91828d0d48e9d815ab64e8.jpg,DALLE_Advanced,fake,1,1024,1024,0.0007310988148674369,0.55657113,0,real,0,false_negative,196
baseline2_njr,E:\TikTokTechJam\Track5Data(1)\Track5Data\official_demo_validation\fake\Advanced\DALLE3\dalle3\202311070924598319e76b1a88ba6c\59896c6f1b91828d0d48e9d815ab64e8.jpg,DALLE_Advanced,fake,1,1024,1024,0.0007310988148674369,0.55657113,0,real,0,false_negative,197
baseline2_njr,E:\TikTokTechJam\Track5Data(1)\Track5Data\official_demo_validation\fake\Advanced\DALLE3\dalle3\20231102143933b82206831d45b85d\8ed29c92edf96e695d21b358b15377f2.jpg,DALLE_Advanced,fake,1,1024,1024,0.0007364937919192016,0.55657113,0,real,0,false_negative,198
baseline2_njr,E:\TikTokTechJam\Track5Data(1)\Track5Data\official_demo_validation\fake\Advanced\DALLE3\dalle3\2023110215025084768300d30fc34f\8ed29c92edf96e695d21b358b15377f2.jpg,DALLE_Advanced,fake,1,1024,1024,0.0007364937919192016,0.55657113,0,real,0,false_negative,199
baseline2_njr,E:\TikTokTechJam\Track5Data(1)\Track5Data\official_demo_validation\fake\Advanced\DALLE3\dalle3\20231103102150b17aad067ad7e034\8ed29c92edf96e695d21b358b15377f2.jpg,DALLE_Advanced,fake,1,1024,1024,0.0007364937919192016,0.55657113,0,real,0,false_negative,200
baseline2_njr,E:\TikTokTechJam\Track5Data(1)\Track5Data\official_demo_validation\fake\Advanced\DALLE3\dalle3\202311070924598319e76b1a88ba6c\8ed29c92edf96e695d21b358b15377f2.jpg,DALLE_Advanced,fake,1,1024,1024,0.0007364937919192016,0.55657113,0,real,0,false_negative,201
baseline2_njr,E:\TikTokTechJam\Track5Data(1)\Track5Data\official_demo_validation\fake\Advanced\DALLE3\dalle3\202311011943129901ca391019566e\19005e511148e095ed978622ff646cf5.jpg,DALLE_Advanced,fake,1,1024,1024,0.0007519086939282715,0.55657113,0,real,0,false_negative,202
baseline2_njr,E:\TikTokTechJam\Track5Data(1)\Track5Data\official_demo_validation\fake\Advanced\DALLE3\dalle3\202311011943129901ca391019566e\ef7aac2e4f5419cec3a2715775dc64f4.jpg,DALLE_Advanced,fake,1,1024,1024,0.0007711612852290273,0.55657113,0,real,0,false_negative,203
baseline2_njr,E:\TikTokTechJam\Track5Data(1)\Track5Data\official_demo_validation\fake\Advanced\DALLE3\dalle3\202311011943129901ca391019566e\0b1d38baa6d1de13437546cc6e71fa33.jpg,DALLE_Advanced,fake,1,1024,1024,0.0007846039952710271,0.55657113,0,real,0,false_negative,204
baseline2_njr,E:\TikTokTechJam\Track5Data(1)\Track5Data\official_demo_validation\fake\Advanced\DALLE3\dalle3\202311011943129901ca391019566e\362ae43f0e7be860ec6dd6e81a928b4b.jpg,DALLE_Advanced,fake,1,1024,1024,0.0008834018371999264,0.55657113,0,real,0,false_negative,205
baseline2_njr,E:\TikTokTechJam\Track5Data(1)\Track5Data\official_demo_validation\fake\Advanced\DALLE3\dalle3\20231102143933b82206831d45b85d\51d85c60981ebc5d70e6987644b04aab.jpg,DALLE_Advanced,fake,1,1024,1024,0.0009111336548812687,0.55657113,0,real,0,false_negative,206
baseline2_njr,E:\TikTokTechJam\Track5Data(1)\Track5Data\official_demo_validation\fake\Advanced\DALLE3\dalle3\2023110215025084768300d30fc34f\51d85c60981ebc5d70e6987644b04aab.jpg,DALLE_Advanced,fake,1,1024,1024,0.0009111336548812687,0.55657113,0,real,0,false_negative,207
baseline2_njr,E:\TikTokTechJam\Track5Data(1)\Track5Data\official_demo_validation\fake\Advanced\DALLE3\dalle3\20231103102150b17aad067ad7e034\51d85c60981ebc5d70e6987644b04aab.jpg,DALLE_Advanced,fake,1,1024,1024,0.0009111336548812687,0.55657113,0,real,0,false_negative,208
baseline2_njr,E:\TikTokTechJam\Track5Data(1)\Track5Data\official_demo_validation\fake\Advanced\DALLE3\dalle3\202311070924598319e76b1a88ba6c\51d85c60981ebc5d70e6987644b04aab.jpg,DALLE_Advanced,fake,1,1024,1024,0.0009111336548812687,0.55657113,0,real,0,false_negative,209
baseline2_njr,E:\TikTokTechJam\Track5Data(1)\Track5Data\official_demo_validation\fake\Advanced\DALLE3\dalle3\20231102143933b82206831d45b85d\5e00b24573c92e5e166e47f5224e6233.jpg,DALLE_Advanced,fake,1,1024,1024,0.0009187829564325511,0.55657113,0,real,0,false_negative,210
baseline2_njr,E:\TikTokTechJam\Track5Data(1)\Track5Data\official_demo_validation\fake\Advanced\DALLE3\dalle3\2023110215025084768300d30fc34f\5e00b24573c92e5e166e47f5224e6233.jpg,DALLE_Advanced,fake,1,1024,1024,0.0009187829564325511,0.55657113,0,real,0,false_negative,211
baseline2_njr,E:\TikTokTechJam\Track5Data(1)\Track5Data\official_demo_validation\fake\Advanced\DALLE3\dalle3\20231103102150b17aad067ad7e034\5e00b24573c92e5e166e47f5224e6233.jpg,DALLE_Advanced,fake,1,1024,1024,0.0009187829564325511,0.55657113,0,real,0,false_negative,212
baseline2_njr,E:\TikTokTechJam\Track5Data(1)\Track5Data\official_demo_validation\fake\Advanced\DALLE3\dalle3\202311070924598319e76b1a88ba6c\5e00b24573c92e5e166e47f5224e6233.jpg,DALLE_Advanced,fake,1,1024,1024,0.0009187829564325511,0.55657113,0,real,0,false_negative,213
baseline2_njr,E:\TikTokTechJam\Track5Data(1)\Track5Data\official_demo_validation\fake\Advanced\DALLE3\dalle3\202311011943129901ca391019566e\6333d97510af52e123fd651497d7c122.jpg,DALLE_Advanced,fake,1,1024,1024,0.0009514100383967161,0.55657113,0,real,0,false_negative,214
baseline2_njr,E:\TikTokTechJam\Track5Data(1)\Track5Data\official_demo_validation\fake\Advanced\DALLE3\dalle3\202311011943129901ca391019566e\fe35cb7471f3eae97652213678062d00.jpg,DALLE_Advanced,fake,1,1024,1024,0.0009516734280623496,0.55657113,0,real,0,false_negative,215
baseline2_njr,E:\TikTokTechJam\Track5Data(1)\Track5Data\official_demo_validation\fake\Advanced\DALLE3\dalle3\202311011943129901ca391019566e\fe6ee545ca61ccc707aa656d4f4eef2f.jpg,DALLE_Advanced,fake,1,1024,1024,0.0009939157171174884,0.55657113,0,real,0,false_negative,216
baseline2_njr,E:\TikTokTechJam\Track5Data(1)\Track5Data\official_demo_validation\fake\Advanced\DALLE3\dalle3\20231102143933b82206831d45b85d\1b0796c0ab811e09c9aa825e7a7488c2.jpg,DALLE_Advanced,fake,1,1024,1024,0.0010004591895267367,0.55657113,0,real,0,false_negative,217
baseline2_njr,E:\TikTokTechJam\Track5Data(1)\Track5Data\official_demo_validation\fake\Advanced\DALLE3\dalle3\2023110215025084768300d30fc34f\1b0796c0ab811e09c9aa825e7a7488c2.jpg,DALLE_Advanced,fake,1,1024,1024,0.0010004591895267367,0.55657113,0,real,0,false_negative,218
baseline2_njr,E:\TikTokTechJam\Track5Data(1)\Track5Data\official_demo_validation\fake\Advanced\DALLE3\dalle3\202311070924598319e76b1a88ba6c\ae0898590e75d663b8a9de241c8e2d38.jpg,DALLE_Advanced,fake,1,1024,1024,0.001040726900100708,0.55657113,0,real,0,false_negative,219
baseline2_njr,E:\TikTokTechJam\Track5Data(1)\Track5Data\official_demo_validation\fake\Advanced\DALLE3\dalle3\20231102143933b82206831d45b85d\b31b695955acd93f49297e7722b24e22.jpg,DALLE_Advanced,fake,1,1024,1024,0.0010965514229610562,0.55657113,0,real,0,false_negative,220
baseline2_njr,E:\TikTokTechJam\Track5Data(1)\Track5Data\official_demo_validation\fake\Advanced\DALLE3\dalle3\2023110215025084768300d30fc34f\b31b695955acd93f49297e7722b24e22.jpg,DALLE_Advanced,fake,1,1024,1024,0.0010965514229610562,0.55657113,0,real,0,false_negative,221
baseline2_njr,E:\TikTokTechJam\Track5Data(1)\Track5Data\official_demo_validation\fake\Advanced\DALLE3\dalle3\20231103102150b17aad067ad7e034\b31b695955acd93f49297e7722b24e22.jpg,DALLE_Advanced,fake,1,1024,1024,0.0010965514229610562,0.55657113,0,real,0,false_negative,222
baseline2_njr,E:\TikTokTechJam\Track5Data(1)\Track5Data\official_demo_validation\fake\Advanced\DALLE3\dalle3\202311070924598319e76b1a88ba6c\b31b695955acd93f49297e7722b24e22.jpg,DALLE_Advanced,fake,1,1024,1024,0.0010965514229610562,0.55657113,0,real,0,false_negative,223
baseline2_njr,E:\TikTokTechJam\Track5Data(1)\Track5Data\official_demo_validation\fake\Advanced\DALLE3\dalle3\202311011943129901ca391019566e\4636469c4254183625aab9204e882711.jpg,DALLE_Advanced,fake,1,1024,1024,0.001181973610073328,0.55657113,0,real,0,false_negative,224
baseline2_njr,E:\TikTokTechJam\Track5Data(1)\Track5Data\official_demo_validation\fake\Advanced\DALLE3\dalle3\202311070924598319e76b1a88ba6c\2872c80cb2e184502d9d5c2759512674.jpg,DALLE_Advanced,fake,1,1024,1024,0.0011936891824007034,0.55657113,0,real,0,false_negative,225
baseline2_njr,E:\TikTokTechJam\Track5Data(1)\Track5Data\official_demo_validation\fake\Advanced\DALLE3\dalle3\20231102143933b82206831d45b85d\4e555e27eb0b701a3191ca1efbd57e00.jpg,DALLE_Advanced,fake,1,1024,1024,0.0012329744640737772,0.55657113,0,real,0,false_negative,226
baseline2_njr,E:\TikTokTechJam\Track5Data(1)\Track5Data\official_demo_validation\fake\Advanced\DALLE3\dalle3\2023110215025084768300d30fc34f\4e555e27eb0b701a3191ca1efbd57e00.jpg,DALLE_Advanced,fake,1,1024,1024,0.0012329744640737772,0.55657113,0,real,0,false_negative,227
baseline2_njr,E:\TikTokTechJam\Track5Data(1)\Track5Data\official_demo_validation\fake\Advanced\DALLE3\dalle3\20231103102150b17aad067ad7e034\4e555e27eb0b701a3191ca1efbd57e00.jpg,DALLE_Advanced,fake,1,1024,1024,0.0012329744640737772,0.55657113,0,real,0,false_negative,228
baseline2_njr,E:\TikTokTechJam\Track5Data(1)\Track5Data\official_demo_validation\fake\Advanced\DALLE3\dalle3\202311070924598319e76b1a88ba6c\4e555e27eb0b701a3191ca1efbd57e00.jpg,DALLE_Advanced,fake,1,1024,1024,0.0012329744640737772,0.55657113,0,real,0,false_negative,229
baseline2_njr,E:\TikTokTechJam\Track5Data(1)\Track5Data\official_demo_validation\fake\Advanced\DALLE3\dalle3\202311011943129901ca391019566e\864182eada3c66e5ce6d22e3367302c4.jpg,DALLE_Advanced,fake,1,1024,1024,0.001401054672896862,0.55657113,0,real,0,false_negative,230
baseline2_njr,E:\TikTokTechJam\Track5Data(1)\Track5Data\official_demo_validation\fake\Advanced\DALLE3\dalle3\202311011943129901ca391019566e\ce6f87ad22b653aa7bdc1c8636a9800e.jpg,DALLE_Advanced,fake,1,1024,1024,0.0015419876435771585,0.55657113,0,real,0,false_negative,231
baseline2_njr,E:\TikTokTechJam\Track5Data(1)\Track5Data\official_demo_validation\fake\Advanced\DALLE3\dalle3\202311011943129901ca391019566e\aa7f766e9223de1f4d10b8d7e150a481.jpg,DALLE_Advanced,fake,1,1792,1024,0.001576023641973734,0.55657113,0,real,0,false_negative,232
baseline2_njr,E:\TikTokTechJam\Track5Data(1)\Track5Data\official_demo_validation\fake\Advanced\DALLE3\dalle3\202311011943129901ca391019566e\a0e456f74be0d97e4439961fbb941205.jpg,DALLE_Advanced,fake,1,1024,1024,0.001611024490557611,0.55657113,0,real,0,false_negative,233
baseline2_njr,E:\TikTokTechJam\Track5Data(1)\Track5Data\official_demo_validation\fake\Advanced\DALLE3\dalle3\202311011943129901ca391019566e\fbc64c5d00016f7d60ce41c6e055a9a3.jpg,DALLE_Advanced,fake,1,1024,1024,0.0016626614378765225,0.55657113,0,real,0,false_negative,234
baseline2_njr,E:\TikTokTechJam\Track5Data(1)\Track5Data\official_demo_validation\fake\Advanced\DALLE3\dalle3\202311011943129901ca391019566e\fae9dda81db6bc8d76cf63ddbf12c2c8.jpg,DALLE_Advanced,fake,1,1024,1024,0.0016706197056919336,0.55657113,0,real,0,false_negative,235
baseline2_njr,E:\TikTokTechJam\Track5Data(1)\Track5Data\official_demo_validation\fake\Advanced\DALLE3\dalle3\202311011943129901ca391019566e\f24d535c3e595b9540cfda4d66d86ea7.jpg,DALLE_Advanced,fake,1,1024,1024,0.0016985872061923146,0.55657113,0,real,0,false_negative,236
baseline2_njr,E:\TikTokTechJam\Track5Data(1)\Track5Data\official_demo_validation\fake\Advanced\DALLE3\dalle3\20231102143933b82206831d45b85d\abe817cb3c6e0b6d02b42cf862f8efc1.jpg,DALLE_Advanced,fake,1,1024,1024,0.0017000425141304731,0.55657113,0,real,0,false_negative,237
baseline2_njr,E:\TikTokTechJam\Track5Data(1)\Track5Data\official_demo_validation\fake\Advanced\DALLE3\dalle3\2023110215025084768300d30fc34f\abe817cb3c6e0b6d02b42cf862f8efc1.jpg,DALLE_Advanced,fake,1,1024,1024,0.0017000425141304731,0.55657113,0,real,0,false_negative,238
baseline2_njr,E:\TikTokTechJam\Track5Data(1)\Track5Data\official_demo_validation\fake\Advanced\DALLE3\dalle3\202311070924598319e76b1a88ba6c\abe817cb3c6e0b6d02b42cf862f8efc1.jpg,DALLE_Advanced,fake,1,1024,1024,0.0017000425141304731,0.55657113,0,real,0,false_negative,239
baseline2_njr,E:\TikTokTechJam\Track5Data(1)\Track5Data\official_demo_validation\fake\Advanced\DALLE3\dalle3\20231102143933b82206831d45b85d\482b84442773b0341db49ec05b14f060.jpg,DALLE_Advanced,fake,1,1024,1024,0.0017088724998757243,0.55657113,0,real,0,false_negative,240
baseline2_njr,E:\TikTokTechJam\Track5Data(1)\Track5Data\official_demo_validation\fake\Advanced\DALLE3\dalle3\2023110215025084768300d30fc34f\482b84442773b0341db49ec05b14f060.jpg,DALLE_Advanced,fake,1,1024,1024,0.0017088724998757243,0.55657113,0,real,0,false_negative,241
baseline2_njr,E:\TikTokTechJam\Track5Data(1)\Track5Data\official_demo_validation\fake\Advanced\DALLE3\dalle3\20231103102150b17aad067ad7e034\482b84442773b0341db49ec05b14f060.jpg,DALLE_Advanced,fake,1,1024,1024,0.0017088724998757243,0.55657113,0,real,0,false_negative,242
baseline2_njr,E:\TikTokTechJam\Track5Data(1)\Track5Data\official_demo_validation\fake\Advanced\DALLE3\dalle3\202311070924598319e76b1a88ba6c\482b84442773b0341db49ec05b14f060.jpg,DALLE_Advanced,fake,1,1024,1024,0.0017088724998757243,0.55657113,0,real,0,false_negative,243
baseline2_njr,E:\TikTokTechJam\Track5Data(1)\Track5Data\official_demo_validation\fake\Advanced\DALLE3\dalle3\20231102143933b82206831d45b85d\2d8a3e0bcf3a47f285c61ce36d7f267e.jpg,DALLE_Advanced,fake,1,1024,1024,0.0017548900796100497,0.55657113,0,real,0,false_negative,244
baseline2_njr,E:\TikTokTechJam\Track5Data(1)\Track5Data\official_demo_validation\fake\Advanced\DALLE3\dalle3\2023110215025084768300d30fc34f\2d8a3e0bcf3a47f285c61ce36d7f267e.jpg,DALLE_Advanced,fake,1,1024,1024,0.0017548900796100497,0.55657113,0,real,0,false_negative,245
baseline2_njr,E:\TikTokTechJam\Track5Data(1)\Track5Data\official_demo_validation\fake\Advanced\DALLE3\dalle3\20231103102150b17aad067ad7e034\2d8a3e0bcf3a47f285c61ce36d7f267e.jpg,DALLE_Advanced,fake,1,1024,1024,0.0017548900796100497,0.55657113,0,real,0,false_negative,246
baseline2_njr,E:\TikTokTechJam\Track5Data(1)\Track5Data\official_demo_validation\fake\Advanced\DALLE3\dalle3\202311070924598319e76b1a88ba6c\2d8a3e0bcf3a47f285c61ce36d7f267e.jpg,DALLE_Advanced,fake,1,1024,1024,0.0017548900796100497,0.55657113,0,real,0,false_negative,247
baseline2_njr,E:\TikTokTechJam\Track5Data(1)\Track5Data\official_demo_validation\fake\Advanced\DALLE3\dalle3\20231102143933b82206831d45b85d\05e7476027ef3b71c1b422f35647caec.jpg,DALLE_Advanced,fake,1,1024,1024,0.001763565349392593,0.55657113,0,real,0,false_negative,248
baseline2_njr,E:\TikTokTechJam\Track5Data(1)\Track5Data\official_demo_validation\fake\Advanced\DALLE3\dalle3\2023110215025084768300d30fc34f\05e7476027ef3b71c1b422f35647caec.jpg,DALLE_Advanced,fake,1,1024,1024,0.001763565349392593,0.55657113,0,real,0,false_negative,249
baseline2_njr,E:\TikTokTechJam\Track5Data(1)\Track5Data\official_demo_validation\fake\Advanced\DALLE3\dalle3\20231103102150b17aad067ad7e034\05e7476027ef3b71c1b422f35647caec.jpg,DALLE_Advanced,fake,1,1024,1024,0.001763565349392593,0.55657113,0,real,0,false_negative,250
baseline2_njr,E:\TikTokTechJam\Track5Data(1)\Track5Data\official_demo_validation\fake\Advanced\DALLE3\dalle3\202311070924598319e76b1a88ba6c\05e7476027ef3b71c1b422f35647caec.jpg,DALLE_Advanced,fake,1,1024,1024,0.001763565349392593,0.55657113,0,real,0,false_negative,251
baseline2_njr,E:\TikTokTechJam\Track5Data(1)\Track5Data\official_demo_validation\fake\Advanced\DALLE3\dalle3\20231102143933b82206831d45b85d\e59bea09047c5be23fb796eb0ff5359d.jpg,DALLE_Advanced,fake,1,1792,1024,0.0017794212326407433,0.55657113,0,real,0,false_negative,252
baseline2_njr,E:\TikTokTechJam\Track5Data(1)\Track5Data\official_demo_validation\fake\Advanced\DALLE3\dalle3\2023110215025084768300d30fc34f\e59bea09047c5be23fb796eb0ff5359d.jpg,DALLE_Advanced,fake,1,1792,1024,0.0017794212326407433,0.55657113,0,real,0,false_negative,253
baseline2_njr,E:\TikTokTechJam\Track5Data(1)\Track5Data\official_demo_validation\fake\Advanced\DALLE3\dalle3\20231103102150b17aad067ad7e034\e59bea09047c5be23fb796eb0ff5359d.jpg,DALLE_Advanced,fake,1,1792,1024,0.0017794212326407433,0.55657113,0,real,0,false_negative,254
baseline2_njr,E:\TikTokTechJam\Track5Data(1)\Track5Data\official_demo_validation\fake\Advanced\DALLE3\dalle3\202311070924598319e76b1a88ba6c\e59bea09047c5be23fb796eb0ff5359d.jpg,DALLE_Advanced,fake,1,1792,1024,0.0017794212326407433,0.55657113,0,real,0,false_negative,255
baseline2_njr,E:\TikTokTechJam\Track5Data(1)\Track5Data\official_demo_validation\fake\Advanced\DALLE3\dalle3\20231102143933b82206831d45b85d\f97b3106acd145e098d449b37e86d128.jpg,DALLE_Advanced,fake,1,1024,1024,0.001832678564824164,0.55657113,0,real,0,false_negative,256
baseline2_njr,E:\TikTokTechJam\Track5Data(1)\Track5Data\official_demo_validation\fake\Advanced\DALLE3\dalle3\2023110215025084768300d30fc34f\f97b3106acd145e098d449b37e86d128.jpg,DALLE_Advanced,fake,1,1024,1024,0.001832678564824164,0.55657113,0,real,0,false_negative,257
baseline2_njr,E:\TikTokTechJam\Track5Data(1)\Track5Data\official_demo_validation\fake\Advanced\DALLE3\dalle3\20231103102150b17aad067ad7e034\f97b3106acd145e098d449b37e86d128.jpg,DALLE_Advanced,fake,1,1024,1024,0.001832678564824164,0.55657113,0,real,0,false_negative,258
baseline2_njr,E:\TikTokTechJam\Track5Data(1)\Track5Data\official_demo_validation\fake\Advanced\DALLE3\dalle3\202311070924598319e76b1a88ba6c\f97b3106acd145e098d449b37e86d128.jpg,DALLE_Advanced,fake,1,1024,1024,0.001832678564824164,0.55657113,0,real,0,false_negative,259
baseline2_njr,E:\TikTokTechJam\Track5Data(1)\Track5Data\official_demo_validation\fake\Advanced\DALLE3\dalle3\202311011943129901ca391019566e\45d5e8397ec19935f3c5c76ee3dd5b73.jpg,DALLE_Advanced,fake,1,1024,1024,0.0018714088946580887,0.55657113,0,real,0,false_negative,260
baseline2_njr,E:\TikTokTechJam\Track5Data(1)\Track5Data\official_demo_validation\fake\Advanced\DALLE3\dalle3\20231102143933b82206831d45b85d\248dd6db1fcadbd4ae0a3dc2a20eb490.jpg,DALLE_Advanced,fake,1,1024,1024,0.0018718658247962594,0.55657113,0,real,0,false_negative,261
baseline2_njr,E:\TikTokTechJam\Track5Data(1)\Track5Data\official_demo_validation\fake\Advanced\DALLE3\dalle3\2023110215025084768300d30fc34f\248dd6db1fcadbd4ae0a3dc2a20eb490.jpg,DALLE_Advanced,fake,1,1024,1024,0.0018718658247962594,0.55657113,0,real,0,false_negative,262
baseline2_njr,E:\TikTokTechJam\Track5Data(1)\Track5Data\official_demo_validation\fake\Advanced\DALLE3\dalle3\20231103102150b17aad067ad7e034\248dd6db1fcadbd4ae0a3dc2a20eb490.jpg,DALLE_Advanced,fake,1,1024,1024,0.0018718658247962594,0.55657113,0,real,0,false_negative,263
baseline2_njr,E:\TikTokTechJam\Track5Data(1)\Track5Data\official_demo_validation\fake\Advanced\DALLE3\dalle3\202311070924598319e76b1a88ba6c\248dd6db1fcadbd4ae0a3dc2a20eb490.jpg,DALLE_Advanced,fake,1,1024,1024,0.0018718658247962594,0.55657113,0,real,0,false_negative,264
baseline2_njr,E:\TikTokTechJam\Track5Data(1)\Track5Data\official_demo_validation\fake\Advanced\DALLE3\dalle3\20231102143933b82206831d45b85d\1ceec1b850034e04d965295df0bedb32.jpg,DALLE_Advanced,fake,1,1792,1024,0.0019801927264779806,0.55657113,0,real,0,false_negative,265
baseline2_njr,E:\TikTokTechJam\Track5Data(1)\Track5Data\official_demo_validation\fake\Advanced\DALLE3\dalle3\2023110215025084768300d30fc34f\1ceec1b850034e04d965295df0bedb32.jpg,DALLE_Advanced,fake,1,1792,1024,0.0019801927264779806,0.55657113,0,real,0,false_negative,266
baseline2_njr,E:\TikTokTechJam\Track5Data(1)\Track5Data\official_demo_validation\fake\Advanced\DALLE3\dalle3\20231103102150b17aad067ad7e034\1ceec1b850034e04d965295df0bedb32.jpg,DALLE_Advanced,fake,1,1792,1024,0.0019801927264779806,0.55657113,0,real,0,false_negative,267
baseline2_njr,E:\TikTokTechJam\Track5Data(1)\Track5Data\official_demo_validation\fake\Advanced\DALLE3\dalle3\202311070924598319e76b1a88ba6c\1ceec1b850034e04d965295df0bedb32.jpg,DALLE_Advanced,fake,1,1792,1024,0.0019801927264779806,0.55657113,0,real,0,false_negative,268
baseline2_njr,E:\TikTokTechJam\Track5Data(1)\Track5Data\official_demo_validation\fake\Advanced\DALLE3\dalle3\20231102143933b82206831d45b85d\922b5e79fad8826dcd5de84d84a76f37.jpg,DALLE_Advanced,fake,1,1024,1024,0.002036523772403598,0.55657113,0,real,0,false_negative,269
baseline2_njr,E:\TikTokTechJam\Track5Data(1)\Track5Data\official_demo_validation\fake\Advanced\DALLE3\dalle3\2023110215025084768300d30fc34f\922b5e79fad8826dcd5de84d84a76f37.jpg,DALLE_Advanced,fake,1,1024,1024,0.002036523772403598,0.55657113,0,real,0,false_negative,270
baseline2_njr,E:\TikTokTechJam\Track5Data(1)\Track5Data\official_demo_validation\fake\Advanced\DALLE3\dalle3\20231103102150b17aad067ad7e034\922b5e79fad8826dcd5de84d84a76f37.jpg,DALLE_Advanced,fake,1,1024,1024,0.002036523772403598,0.55657113,0,real,0,false_negative,271
baseline2_njr,E:\TikTokTechJam\Track5Data(1)\Track5Data\official_demo_validation\fake\Advanced\DALLE3\dalle3\202311070924598319e76b1a88ba6c\922b5e79fad8826dcd5de84d84a76f37.jpg,DALLE_Advanced,fake,1,1024,1024,0.002036523772403598,0.55657113,0,real,0,false_negative,272
baseline2_njr,E:\TikTokTechJam\Track5Data(1)\Track5Data\official_demo_validation\fake\Advanced\DALLE3\dalle3\20231102143933b82206831d45b85d\c410f203fdbaf50b7a73d78a334fc6da.jpg,DALLE_Advanced,fake,1,1024,1024,0.002064488362520933,0.55657113,0,real,0,false_negative,273
baseline2_njr,E:\TikTokTechJam\Track5Data(1)\Track5Data\official_demo_validation\fake\Advanced\DALLE3\dalle3\2023110215025084768300d30fc34f\c410f203fdbaf50b7a73d78a334fc6da.jpg,DALLE_Advanced,fake,1,1024,1024,0.002064488362520933,0.55657113,0,real,0,false_negative,274
baseline2_njr,E:\TikTokTechJam\Track5Data(1)\Track5Data\official_demo_validation\fake\Advanced\DALLE3\dalle3\20231103102150b17aad067ad7e034\c410f203fdbaf50b7a73d78a334fc6da.jpg,DALLE_Advanced,fake,1,1024,1024,0.002064488362520933,0.55657113,0,real,0,false_negative,275
baseline2_njr,E:\TikTokTechJam\Track5Data(1)\Track5Data\official_demo_validation\fake\Advanced\DALLE3\dalle3\202311011943129901ca391019566e\69baf25ac81f1aeda78643fd81ed66f8.jpg,DALLE_Advanced,fake,1,1024,1024,0.0021916262339800596,0.55657113,0,real,0,false_negative,276
baseline2_njr,E:\TikTokTechJam\Track5Data(1)\Track5Data\official_demo_validation\fake\Advanced\DALLE3\dalle3\202311011943129901ca391019566e\ac13029bba2bc6eff326b3f9774104d4.jpg,DALLE_Advanced,fake,1,1024,1024,0.002372032729908824,0.55657113,0,real,0,false_negative,277
baseline2_njr,E:\TikTokTechJam\Track5Data(1)\Track5Data\official_demo_validation\fake\Advanced\DALLE3\dalle3\20231102143933b82206831d45b85d\0d41679fd08b657de692be3741b6b578.jpg,DALLE_Advanced,fake,1,1024,1024,0.002516756299883127,0.55657113,0,real,0,false_negative,278
baseline2_njr,E:\TikTokTechJam\Track5Data(1)\Track5Data\official_demo_validation\fake\Advanced\DALLE3\dalle3\2023110215025084768300d30fc34f\0d41679fd08b657de692be3741b6b578.jpg,DALLE_Advanced,fake,1,1024,1024,0.002516756299883127,0.55657113,0,real,0,false_negative,279
baseline2_njr,E:\TikTokTechJam\Track5Data(1)\Track5Data\official_demo_validation\fake\Advanced\DALLE3\dalle3\20231103102150b17aad067ad7e034\0d41679fd08b657de692be3741b6b578.jpg,DALLE_Advanced,fake,1,1024,1024,0.002516756299883127,0.55657113,0,real,0,false_negative,280
baseline2_njr,E:\TikTokTechJam\Track5Data(1)\Track5Data\official_demo_validation\fake\Advanced\DALLE3\dalle3\202311070924598319e76b1a88ba6c\0d41679fd08b657de692be3741b6b578.jpg,DALLE_Advanced,fake,1,1024,1024,0.002516756299883127,0.55657113,0,real,0,false_negative,281
baseline2_njr,E:\TikTokTechJam\Track5Data(1)\Track5Data\official_demo_validation\fake\Advanced\DALLE3\dalle3\20231102143933b82206831d45b85d\3d214ad320a291de8c48c92b7fc5c819.jpg,DALLE_Advanced,fake,1,1024,1024,0.0026916295755654573,0.55657113,0,real,0,false_negative,282
baseline2_njr,E:\TikTokTechJam\Track5Data(1)\Track5Data\official_demo_validation\fake\Advanced\DALLE3\dalle3\2023110215025084768300d30fc34f\3d214ad320a291de8c48c92b7fc5c819.jpg,DALLE_Advanced,fake,1,1024,1024,0.0026916295755654573,0.55657113,0,real,0,false_negative,283
baseline2_njr,E:\TikTokTechJam\Track5Data(1)\Track5Data\official_demo_validation\fake\Advanced\DALLE3\dalle3\202311070924598319e76b1a88ba6c\3d214ad320a291de8c48c92b7fc5c819.jpg,DALLE_Advanced,fake,1,1024,1024,0.0026916295755654573,0.55657113,0,real,0,false_negative,284
baseline2_njr,E:\TikTokTechJam\Track5Data(1)\Track5Data\official_demo_validation\fake\Advanced\DALLE3\dalle3\20231102143933b82206831d45b85d\6be45b78071d940935373fc199793dd0.jpg,DALLE_Advanced,fake,1,1024,1024,0.002745727077126503,0.55657113,0,real,0,false_negative,285
baseline2_njr,E:\TikTokTechJam\Track5Data(1)\Track5Data\official_demo_validation\fake\Advanced\DALLE3\dalle3\2023110215025084768300d30fc34f\6be45b78071d940935373fc199793dd0.jpg,DALLE_Advanced,fake,1,1024,1024,0.002745727077126503,0.55657113,0,real,0,false_negative,286
baseline2_njr,E:\TikTokTechJam\Track5Data(1)\Track5Data\official_demo_validation\fake\Advanced\DALLE3\dalle3\20231103102150b17aad067ad7e034\6be45b78071d940935373fc199793dd0.jpg,DALLE_Advanced,fake,1,1024,1024,0.002745727077126503,0.55657113,0,real,0,false_negative,287
baseline2_njr,E:\TikTokTechJam\Track5Data(1)\Track5Data\official_demo_validation\fake\Advanced\DALLE3\dalle3\202311070924598319e76b1a88ba6c\6be45b78071d940935373fc199793dd0.jpg,DALLE_Advanced,fake,1,1024,1024,0.002745727077126503,0.55657113,0,real,0,false_negative,288
baseline2_njr,E:\TikTokTechJam\Track5Data(1)\Track5Data\official_demo_validation\fake\Advanced\DALLE3\dalle3\20231102143933b82206831d45b85d\66275a277d2a08626f08fa4f61c98789.jpg,DALLE_Advanced,fake,1,1024,1024,0.002788206096738577,0.55657113,0,real,0,false_negative,289
baseline2_njr,E:\TikTokTechJam\Track5Data(1)\Track5Data\official_demo_validation\fake\Advanced\DALLE3\dalle3\2023110215025084768300d30fc34f\66275a277d2a08626f08fa4f61c98789.jpg,DALLE_Advanced,fake,1,1024,1024,0.002788206096738577,0.55657113,0,real,0,false_negative,290
baseline2_njr,E:\TikTokTechJam\Track5Data(1)\Track5Data\official_demo_validation\fake\Advanced\DALLE3\dalle3\20231103102150b17aad067ad7e034\66275a277d2a08626f08fa4f61c98789.jpg,DALLE_Advanced,fake,1,1024,1024,0.002788206096738577,0.55657113,0,real,0,false_negative,291
baseline2_njr,E:\TikTokTechJam\Track5Data(1)\Track5Data\official_demo_validation\fake\Advanced\DALLE3\dalle3\202311070924598319e76b1a88ba6c\66275a277d2a08626f08fa4f61c98789.jpg,DALLE_Advanced,fake,1,1024,1024,0.002788206096738577,0.55657113,0,real,0,false_negative,292
baseline2_njr,E:\TikTokTechJam\Track5Data(1)\Track5Data\official_demo_validation\fake\Advanced\DALLE3\dalle3\202311011943129901ca391019566e\557f804541ef131e96db51cef6c04ab0.jpg,DALLE_Advanced,fake,1,1024,1024,0.0028190689627081156,0.55657113,0,real,0,false_negative,293
baseline2_njr,E:\TikTokTechJam\Track5Data(1)\Track5Data\official_demo_validation\fake\Advanced\DALLE3\dalle3\202311011943129901ca391019566e\7955edbbf284210a03a87159740b55af.jpg,DALLE_Advanced,fake,1,1024,1024,0.002875370206311345,0.55657113,0,real,0,false_negative,294
baseline2_njr,E:\TikTokTechJam\Track5Data(1)\Track5Data\official_demo_validation\fake\Advanced\DALLE3\dalle3\202311011943129901ca391019566e\990162e5ab0d8c3585df1c214e4f8c15.jpg,DALLE_Advanced,fake,1,1024,1024,0.0029370260890573263,0.55657113,0,real,0,false_negative,295
baseline2_njr,E:\TikTokTechJam\Track5Data(1)\Track5Data\official_demo_validation\fake\Advanced\DALLE3\dalle3\20231102143933b82206831d45b85d\ac40a691702b8dea9925662d9d8f9b04.jpg,DALLE_Advanced,fake,1,1024,1024,0.003025091253221035,0.55657113,0,real,0,false_negative,296
baseline2_njr,E:\TikTokTechJam\Track5Data(1)\Track5Data\official_demo_validation\fake\Advanced\DALLE3\dalle3\2023110215025084768300d30fc34f\ac40a691702b8dea9925662d9d8f9b04.jpg,DALLE_Advanced,fake,1,1024,1024,0.003025091253221035,0.55657113,0,real,0,false_negative,297
baseline2_njr,E:\TikTokTechJam\Track5Data(1)\Track5Data\official_demo_validation\fake\Advanced\DALLE3\dalle3\20231103102150b17aad067ad7e034\ac40a691702b8dea9925662d9d8f9b04.jpg,DALLE_Advanced,fake,1,1024,1024,0.003025091253221035,0.55657113,0,real,0,false_negative,298
baseline2_njr,E:\TikTokTechJam\Track5Data(1)\Track5Data\official_demo_validation\fake\Advanced\DALLE3\dalle3\202311070924598319e76b1a88ba6c\ac40a691702b8dea9925662d9d8f9b04.jpg,DALLE_Advanced,fake,1,1024,1024,0.003025091253221035,0.55657113,0,real,0,false_negative,299
baseline2_njr,E:\TikTokTechJam\Track5Data(1)\Track5Data\official_demo_validation\fake\Advanced\DALLE3\dalle3\202311011943129901ca391019566e\f46e4b2157b0268343e1d936edcc01c2.jpg,DALLE_Advanced,fake,1,1792,1024,0.0030391726177185774,0.55657113,0,real,0,false_negative,300
baseline2_njr,E:\TikTokTechJam\Track5Data(1)\Track5Data\official_demo_validation\fake\Advanced\DALLE3\dalle3\202311011943129901ca391019566e\56194370364c3904b092829c839dd1e9.jpg,DALLE_Advanced,fake,1,1024,1024,0.0031185317784547806,0.55657113,0,real,0,false_negative,301
baseline2_njr,E:\TikTokTechJam\Track5Data(1)\Track5Data\official_demo_validation\fake\Advanced\DALLE3\dalle3\202311011943129901ca391019566e\6ea36c1c91805f754509157673ecb3d2.jpg,DALLE_Advanced,fake,1,1024,1024,0.0031355181708931923,0.55657113,0,real,0,false_negative,302
baseline2_njr,E:\TikTokTechJam\Track5Data(1)\Track5Data\official_demo_validation\fake\Advanced\DALLE3\dalle3\20231102143933b82206831d45b85d\53cfa9060689896057c83ff55a53bca3.jpg,DALLE_Advanced,fake,1,1024,1024,0.0031730812042951584,0.55657113,0,real,0,false_negative,303
baseline2_njr,E:\TikTokTechJam\Track5Data(1)\Track5Data\official_demo_validation\fake\Advanced\DALLE3\dalle3\2023110215025084768300d30fc34f\53cfa9060689896057c83ff55a53bca3.jpg,DALLE_Advanced,fake,1,1024,1024,0.0031730812042951584,0.55657113,0,real,0,false_negative,304
baseline2_njr,E:\TikTokTechJam\Track5Data(1)\Track5Data\official_demo_validation\fake\Advanced\DALLE3\dalle3\20231103102150b17aad067ad7e034\53cfa9060689896057c83ff55a53bca3.jpg,DALLE_Advanced,fake,1,1024,1024,0.0031730812042951584,0.55657113,0,real,0,false_negative,305
baseline2_njr,E:\TikTokTechJam\Track5Data(1)\Track5Data\official_demo_validation\fake\Advanced\DALLE3\dalle3\202311070924598319e76b1a88ba6c\53cfa9060689896057c83ff55a53bca3.jpg,DALLE_Advanced,fake,1,1024,1024,0.0031730812042951584,0.55657113,0,real,0,false_negative,306
baseline2_njr,E:\TikTokTechJam\Track5Data(1)\Track5Data\official_demo_validation\fake\Advanced\DALLE3\dalle3\202311011943129901ca391019566e\ee2b432dd6d3ee227bf64b9bb438a971.jpg,DALLE_Advanced,fake,1,1024,1024,0.0033463342115283012,0.55657113,0,real,0,false_negative,307
baseline2_njr,E:\TikTokTechJam\Track5Data(1)\Track5Data\official_demo_validation\fake\Advanced\DALLE3\dalle3\202311011943129901ca391019566e\51d6cc27d74f208e981cdbeef1ba47bf.jpg,DALLE_Advanced,fake,1,1024,1024,0.0034685637801885605,0.55657113,0,real,0,false_negative,308
baseline2_njr,E:\TikTokTechJam\Track5Data(1)\Track5Data\official_demo_validation\fake\Advanced\DALLE3\dalle3\20231102143933b82206831d45b85d\e9b1605dd03934f99f8d696284a21e95.jpg,DALLE_Advanced,fake,1,1024,1024,0.003501714440062642,0.55657113,0,real,0,false_negative,309
baseline2_njr,E:\TikTokTechJam\Track5Data(1)\Track5Data\official_demo_validation\fake\Advanced\DALLE3\dalle3\2023110215025084768300d30fc34f\e9b1605dd03934f99f8d696284a21e95.jpg,DALLE_Advanced,fake,1,1024,1024,0.003501714440062642,0.55657113,0,real,0,false_negative,310
baseline2_njr,E:\TikTokTechJam\Track5Data(1)\Track5Data\official_demo_validation\fake\Advanced\DALLE3\dalle3\20231103102150b17aad067ad7e034\e9b1605dd03934f99f8d696284a21e95.jpg,DALLE_Advanced,fake,1,1024,1024,0.003501714440062642,0.55657113,0,real,0,false_negative,311
baseline2_njr,E:\TikTokTechJam\Track5Data(1)\Track5Data\official_demo_validation\fake\Advanced\DALLE3\dalle3\202311070924598319e76b1a88ba6c\e9b1605dd03934f99f8d696284a21e95.jpg,DALLE_Advanced,fake,1,1024,1024,0.003501714440062642,0.55657113,0,real,0,false_negative,312
baseline2_njr,E:\TikTokTechJam\Track5Data(1)\Track5Data\official_demo_validation\fake\Advanced\DALLE3\dalle3\202311011943129901ca391019566e\66032aefa162549cdb55001c50a35676.jpg,DALLE_Advanced,fake,1,1024,1024,0.0035793655551970005,0.55657113,0,real,0,false_negative,313
baseline2_njr,E:\TikTokTechJam\Track5Data(1)\Track5Data\official_demo_validation\fake\Advanced\DALLE3\dalle3\202311011943129901ca391019566e\518e1a06ce8f3fbea0919175be5b70dd.jpg,DALLE_Advanced,fake,1,1024,1024,0.0036089676432311535,0.55657113,0,real,0,false_negative,314
baseline2_njr,E:\TikTokTechJam\Track5Data(1)\Track5Data\official_demo_validation\fake\Advanced\DALLE3\dalle3\20231102143933b82206831d45b85d\87243508e5d8fcef180f9d27819e60b4.jpg,DALLE_Advanced,fake,1,1024,1024,0.0037039536982774734,0.55657113,0,real,0,false_negative,315
baseline2_njr,E:\TikTokTechJam\Track5Data(1)\Track5Data\official_demo_validation\fake\Advanced\DALLE3\dalle3\2023110215025084768300d30fc34f\87243508e5d8fcef180f9d27819e60b4.jpg,DALLE_Advanced,fake,1,1024,1024,0.0037039536982774734,0.55657113,0,real,0,false_negative,316
baseline2_njr,E:\TikTokTechJam\Track5Data(1)\Track5Data\official_demo_validation\fake\Advanced\DALLE3\dalle3\20231103102150b17aad067ad7e034\87243508e5d8fcef180f9d27819e60b4.jpg,DALLE_Advanced,fake,1,1024,1024,0.0037039536982774734,0.55657113,0,real,0,false_negative,317
baseline2_njr,E:\TikTokTechJam\Track5Data(1)\Track5Data\official_demo_validation\fake\Advanced\DALLE3\dalle3\202311070924598319e76b1a88ba6c\87243508e5d8fcef180f9d27819e60b4.jpg,DALLE_Advanced,fake,1,1024,1024,0.0037039536982774734,0.55657113,0,real,0,false_negative,318
baseline2_njr,E:\TikTokTechJam\Track5Data(1)\Track5Data\official_demo_validation\fake\Advanced\DALLE3\dalle3\202311011943129901ca391019566e\d21b0f76e2de68817a7ddb7810af1f79.jpg,DALLE_Advanced,fake,1,1024,1024,0.003804826643317938,0.55657113,0,real,0,false_negative,319
baseline2_njr,E:\TikTokTechJam\Track5Data(1)\Track5Data\official_demo_validation\fake\Advanced\DALLE3\dalle3\202311011943129901ca391019566e\4f0d881a7a9927e89992d4d1fdabd45c.jpg,DALLE_Advanced,fake,1,1024,1024,0.003940305672585964,0.55657113,0,real,0,false_negative,320
baseline2_njr,E:\TikTokTechJam\Track5Data(1)\Track5Data\official_demo_validation\fake\Advanced\DALLE3\dalle3\202311011943129901ca391019566e\e5532dbbdc43d6d61df4dcb88806612c.jpg,DALLE_Advanced,fake,1,1024,1024,0.003944177646189928,0.55657113,0,real,0,false_negative,321
baseline2_njr,E:\TikTokTechJam\Track5Data(1)\Track5Data\official_demo_validation\fake\Advanced\DALLE3\dalle3\20231102143933b82206831d45b85d\dcbbe9fc135e9df428fb2af3ff9088a4.jpg,DALLE_Advanced,fake,1,1024,1024,0.004145044833421707,0.55657113,0,real,0,false_negative,322
baseline2_njr,E:\TikTokTechJam\Track5Data(1)\Track5Data\official_demo_validation\fake\Advanced\DALLE3\dalle3\2023110215025084768300d30fc34f\dcbbe9fc135e9df428fb2af3ff9088a4.jpg,DALLE_Advanced,fake,1,1024,1024,0.004145044833421707,0.55657113,0,real,0,false_negative,323
baseline2_njr,E:\TikTokTechJam\Track5Data(1)\Track5Data\official_demo_validation\fake\Advanced\DALLE3\dalle3\20231103102150b17aad067ad7e034\dcbbe9fc135e9df428fb2af3ff9088a4.jpg,DALLE_Advanced,fake,1,1024,1024,0.004145044833421707,0.55657113,0,real,0,false_negative,324
baseline2_njr,E:\TikTokTechJam\Track5Data(1)\Track5Data\official_demo_validation\fake\Advanced\DALLE3\dalle3\202311070924598319e76b1a88ba6c\dcbbe9fc135e9df428fb2af3ff9088a4.jpg,DALLE_Advanced,fake,1,1024,1024,0.004145044833421707,0.55657113,0,real,0,false_negative,325
baseline2_njr,E:\TikTokTechJam\Track5Data(1)\Track5Data\official_demo_validation\fake\Advanced\DALLE3\dalle3\202311011943129901ca391019566e\46fe0f44f11d3c00aa8a9c02b75e2b3e.jpg,DALLE_Advanced,fake,1,1024,1024,0.004145649261772633,0.55657113,0,real,0,false_negative,326
baseline2_njr,E:\TikTokTechJam\Track5Data(1)\Track5Data\official_demo_validation\fake\Advanced\DALLE3\dalle3\20231102143933b82206831d45b85d\c992f04da8cc99a1eb858384689492bc.jpg,DALLE_Advanced,fake,1,1024,1024,0.004308984614908695,0.55657113,0,real,0,false_negative,327
baseline2_njr,E:\TikTokTechJam\Track5Data(1)\Track5Data\official_demo_validation\fake\Advanced\DALLE3\dalle3\2023110215025084768300d30fc34f\c992f04da8cc99a1eb858384689492bc.jpg,DALLE_Advanced,fake,1,1024,1024,0.004308984614908695,0.55657113,0,real,0,false_negative,328
baseline2_njr,E:\TikTokTechJam\Track5Data(1)\Track5Data\official_demo_validation\fake\Advanced\DALLE3\dalle3\20231103102150b17aad067ad7e034\c992f04da8cc99a1eb858384689492bc.jpg,DALLE_Advanced,fake,1,1024,1024,0.004308984614908695,0.55657113,0,real,0,false_negative,329
baseline2_njr,E:\TikTokTechJam\Track5Data(1)\Track5Data\official_demo_validation\fake\Advanced\DALLE3\dalle3\202311070924598319e76b1a88ba6c\c992f04da8cc99a1eb858384689492bc.jpg,DALLE_Advanced,fake,1,1024,1024,0.004308984614908695,0.55657113,0,real,0,false_negative,330
baseline2_njr,E:\TikTokTechJam\Track5Data(1)\Track5Data\official_demo_validation\fake\Advanced\DALLE3\dalle3\202311070924598319e76b1a88ba6c\4f4a21855dc5b5bf068460b9af70e6d8.jpg,DALLE_Advanced,fake,1,1024,1024,0.004388762172311544,0.55657113,0,real,0,false_negative,331
baseline2_njr,E:\TikTokTechJam\Track5Data(1)\Track5Data\official_demo_validation\fake\Advanced\DALLE3\dalle3\20231102143933b82206831d45b85d\7524213fb3b385a99e07bb92c32326ab.jpg,DALLE_Advanced,fake,1,1792,1024,0.004412347916513681,0.55657113,0,real,0,false_negative,332
baseline2_njr,E:\TikTokTechJam\Track5Data(1)\Track5Data\official_demo_validation\fake\Advanced\DALLE3\dalle3\2023110215025084768300d30fc34f\7524213fb3b385a99e07bb92c32326ab.jpg,DALLE_Advanced,fake,1,1792,1024,0.004412347916513681,0.55657113,0,real,0,false_negative,333
baseline2_njr,E:\TikTokTechJam\Track5Data(1)\Track5Data\official_demo_validation\fake\Advanced\DALLE3\dalle3\20231103102150b17aad067ad7e034\7524213fb3b385a99e07bb92c32326ab.jpg,DALLE_Advanced,fake,1,1792,1024,0.004412347916513681,0.55657113,0,real,0,false_negative,334
baseline2_njr,E:\TikTokTechJam\Track5Data(1)\Track5Data\official_demo_validation\fake\Advanced\DALLE3\dalle3\202311070924598319e76b1a88ba6c\7524213fb3b385a99e07bb92c32326ab.jpg,DALLE_Advanced,fake,1,1792,1024,0.004412347916513681,0.55657113,0,real,0,false_negative,335
baseline2_njr,E:\TikTokTechJam\Track5Data(1)\Track5Data\official_demo_validation\fake\Advanced\DALLE3\dalle3\202311011943129901ca391019566e\bc4f55669a460e52812e961d7e8950d1.jpg,DALLE_Advanced,fake,1,1024,1024,0.004581534303724766,0.55657113,0,real,0,false_negative,336
baseline2_njr,E:\TikTokTechJam\Track5Data(1)\Track5Data\official_demo_validation\fake\Advanced\DALLE3\dalle3\202311011943129901ca391019566e\a6c18378a80ef2e70df03b567d61a06b.jpg,DALLE_Advanced,fake,1,1024,1024,0.004604096990078688,0.55657113,0,real,0,false_negative,337
baseline2_njr,E:\TikTokTechJam\Track5Data(1)\Track5Data\official_demo_validation\fake\Advanced\DALLE3\dalle3\20231102143933b82206831d45b85d\cf9e10526d3e5ca2fef5d963173c9bff.jpg,DALLE_Advanced,fake,1,1024,1024,0.004659995436668396,0.55657113,0,real,0,false_negative,338
baseline2_njr,E:\TikTokTechJam\Track5Data(1)\Track5Data\official_demo_validation\fake\Advanced\DALLE3\dalle3\2023110215025084768300d30fc34f\cf9e10526d3e5ca2fef5d963173c9bff.jpg,DALLE_Advanced,fake,1,1024,1024,0.004659995436668396,0.55657113,0,real,0,false_negative,339
baseline2_njr,E:\TikTokTechJam\Track5Data(1)\Track5Data\official_demo_validation\fake\Advanced\DALLE3\dalle3\20231103102150b17aad067ad7e034\cf9e10526d3e5ca2fef5d963173c9bff.jpg,DALLE_Advanced,fake,1,1024,1024,0.004659995436668396,0.55657113,0,real,0,false_negative,340
baseline2_njr,E:\TikTokTechJam\Track5Data(1)\Track5Data\official_demo_validation\fake\Advanced\DALLE3\dalle3\202311070924598319e76b1a88ba6c\cf9e10526d3e5ca2fef5d963173c9bff.jpg,DALLE_Advanced,fake,1,1024,1024,0.004659995436668396,0.55657113,0,real,0,false_negative,341
baseline2_njr,E:\TikTokTechJam\Track5Data(1)\Track5Data\official_demo_validation\fake\Advanced\DALLE3\dalle3\20231102143933b82206831d45b85d\b974c2e445a95c000f4dad7431ca952c.jpg,DALLE_Advanced,fake,1,1024,1024,0.004706216510385275,0.55657113,0,real,0,false_negative,342
baseline2_njr,E:\TikTokTechJam\Track5Data(1)\Track5Data\official_demo_validation\fake\Advanced\DALLE3\dalle3\2023110215025084768300d30fc34f\b974c2e445a95c000f4dad7431ca952c.jpg,DALLE_Advanced,fake,1,1024,1024,0.004706216510385275,0.55657113,0,real,0,false_negative,343
baseline2_njr,E:\TikTokTechJam\Track5Data(1)\Track5Data\official_demo_validation\fake\Advanced\DALLE3\dalle3\20231103102150b17aad067ad7e034\b974c2e445a95c000f4dad7431ca952c.jpg,DALLE_Advanced,fake,1,1024,1024,0.004706216510385275,0.55657113,0,real,0,false_negative,344
baseline2_njr,E:\TikTokTechJam\Track5Data(1)\Track5Data\official_demo_validation\fake\Advanced\DALLE3\dalle3\202311070924598319e76b1a88ba6c\b974c2e445a95c000f4dad7431ca952c.jpg,DALLE_Advanced,fake,1,1024,1024,0.004706216510385275,0.55657113,0,real,0,false_negative,345
baseline2_njr,E:\TikTokTechJam\Track5Data(1)\Track5Data\official_demo_validation\fake\Advanced\DALLE3\dalle3\202311070924598319e76b1a88ba6c\59bfbd9ca34d8d146209a61891ff4752.jpg,DALLE_Advanced,fake,1,1024,1024,0.004921406041830778,0.55657113,0,real,0,false_negative,346
baseline2_njr,E:\TikTokTechJam\Track5Data(1)\Track5Data\official_demo_validation\fake\Advanced\DALLE3\dalle3\202311070924598319e76b1a88ba6c\1d4135eb385210a437a2c66e5a1487c1.jpg,DALLE_Advanced,fake,1,1024,1024,0.004934265743941069,0.55657113,0,real,0,false_negative,347
baseline2_njr,E:\TikTokTechJam\Track5Data(1)\Track5Data\official_demo_validation\fake\Advanced\DALLE3\dalle3\20231103102150b17aad067ad7e034\c2a7dddafca280eb32c43a98708a148c.jpg,DALLE_Advanced,fake,1,1024,1024,0.005056070163846016,0.55657113,0,real,0,false_negative,348
baseline2_njr,E:\TikTokTechJam\Track5Data(1)\Track5Data\official_demo_validation\fake\Advanced\DALLE3\dalle3\20231102143933b82206831d45b85d\c657b4fa69fa80f2028403e4b98a2e18.jpg,DALLE_Advanced,fake,1,1024,1024,0.006255412008613348,0.55657113,0,real,0,false_negative,349
baseline2_njr,E:\TikTokTechJam\Track5Data(1)\Track5Data\official_demo_validation\fake\Advanced\DALLE3\dalle3\2023110215025084768300d30fc34f\c657b4fa69fa80f2028403e4b98a2e18.jpg,DALLE_Advanced,fake,1,1024,1024,0.006255412008613348,0.55657113,0,real,0,false_negative,350
baseline2_njr,E:\TikTokTechJam\Track5Data(1)\Track5Data\official_demo_validation\fake\Advanced\DALLE3\dalle3\202311070924598319e76b1a88ba6c\c657b4fa69fa80f2028403e4b98a2e18.jpg,DALLE_Advanced,fake,1,1024,1024,0.006255412008613348,0.55657113,0,real,0,false_negative,351
baseline2_njr,E:\TikTokTechJam\Track5Data(1)\Track5Data\official_demo_validation\fake\Advanced\DALLE3\dalle3\20231102143933b82206831d45b85d\d7403823380cb9cdc87b37d12e8c903f.jpg,DALLE_Advanced,fake,1,1024,1024,0.006519530899822712,0.55657113,0,real,0,false_negative,352
baseline2_njr,E:\TikTokTechJam\Track5Data(1)\Track5Data\official_demo_validation\fake\Advanced\DALLE3\dalle3\2023110215025084768300d30fc34f\d7403823380cb9cdc87b37d12e8c903f.jpg,DALLE_Advanced,fake,1,1024,1024,0.006519530899822712,0.55657113,0,real,0,false_negative,353
baseline2_njr,E:\TikTokTechJam\Track5Data(1)\Track5Data\official_demo_validation\fake\Advanced\DALLE3\dalle3\20231103102150b17aad067ad7e034\d7403823380cb9cdc87b37d12e8c903f.jpg,DALLE_Advanced,fake,1,1024,1024,0.006519530899822712,0.55657113,0,real,0,false_negative,354
baseline2_njr,E:\TikTokTechJam\Track5Data(1)\Track5Data\official_demo_validation\fake\Advanced\DALLE3\dalle3\202311070924598319e76b1a88ba6c\d7403823380cb9cdc87b37d12e8c903f.jpg,DALLE_Advanced,fake,1,1024,1024,0.006519530899822712,0.55657113,0,real,0,false_negative,355
baseline2_njr,E:\TikTokTechJam\Track5Data(1)\Track5Data\official_demo_validation\fake\Advanced\DALLE3\dalle3\20231102143933b82206831d45b85d\e9243efea9e594f016280a375b96d6ab.jpg,DALLE_Advanced,fake,1,1024,1024,0.0066003031097352505,0.55657113,0,real,0,false_negative,356
baseline2_njr,E:\TikTokTechJam\Track5Data(1)\Track5Data\official_demo_validation\fake\Advanced\DALLE3\dalle3\2023110215025084768300d30fc34f\e9243efea9e594f016280a375b96d6ab.jpg,DALLE_Advanced,fake,1,1024,1024,0.0066003031097352505,0.55657113,0,real,0,false_negative,357
baseline2_njr,E:\TikTokTechJam\Track5Data(1)\Track5Data\official_demo_validation\fake\Advanced\DALLE3\dalle3\20231103102150b17aad067ad7e034\e9243efea9e594f016280a375b96d6ab.jpg,DALLE_Advanced,fake,1,1024,1024,0.0066003031097352505,0.55657113,0,real,0,false_negative,358
baseline2_njr,E:\TikTokTechJam\Track5Data(1)\Track5Data\official_demo_validation\fake\Advanced\DALLE3\dalle3\202311070924598319e76b1a88ba6c\e9243efea9e594f016280a375b96d6ab.jpg,DALLE_Advanced,fake,1,1024,1024,0.0066003031097352505,0.55657113,0,real,0,false_negative,359
baseline2_njr,E:\TikTokTechJam\Track5Data(1)\Track5Data\official_demo_validation\fake\Advanced\DALLE3\dalle3\202311011943129901ca391019566e\db32783b405270be074c90bdb1a31470.jpg,DALLE_Advanced,fake,1,1024,1024,0.0071161710657179356,0.55657113,0,real,0,false_negative,360
baseline2_njr,E:\TikTokTechJam\Track5Data(1)\Track5Data\official_demo_validation\fake\Advanced\DALLE3\dalle3\202311011943129901ca391019566e\64d7a5af55aa11b50232a33e99de7ddf.jpg,DALLE_Advanced,fake,1,1024,1024,0.007443397305905819,0.55657113,0,real,0,false_negative,361
baseline2_njr,E:\TikTokTechJam\Track5Data(1)\Track5Data\official_demo_validation\fake\Advanced\DALLE3\dalle3\20231102143933b82206831d45b85d\101b63a639683991d40b19a67ff566ee.jpg,DALLE_Advanced,fake,1,1024,1024,0.007466298062354326,0.55657113,0,real,0,false_negative,362
baseline2_njr,E:\TikTokTechJam\Track5Data(1)\Track5Data\official_demo_validation\fake\Advanced\DALLE3\dalle3\2023110215025084768300d30fc34f\101b63a639683991d40b19a67ff566ee.jpg,DALLE_Advanced,fake,1,1024,1024,0.007466298062354326,0.55657113,0,real,0,false_negative,363
baseline2_njr,E:\TikTokTechJam\Track5Data(1)\Track5Data\official_demo_validation\fake\Advanced\DALLE3\dalle3\20231103102150b17aad067ad7e034\101b63a639683991d40b19a67ff566ee.jpg,DALLE_Advanced,fake,1,1024,1024,0.007466298062354326,0.55657113,0,real,0,false_negative,364
baseline2_njr,E:\TikTokTechJam\Track5Data(1)\Track5Data\official_demo_validation\fake\Advanced\DALLE3\dalle3\202311070924598319e76b1a88ba6c\101b63a639683991d40b19a67ff566ee.jpg,DALLE_Advanced,fake,1,1024,1024,0.007466298062354326,0.55657113,0,real,0,false_negative,365
baseline2_njr,E:\TikTokTechJam\Track5Data(1)\Track5Data\official_demo_validation\fake\Advanced\DALLE3\dalle3\202311011943129901ca391019566e\61a9d1aa6c7d37a4b8aeb91d99063d4c.jpg,DALLE_Advanced,fake,1,1024,1024,0.007596222683787346,0.55657113,0,real,0,false_negative,366
baseline2_njr,E:\TikTokTechJam\Track5Data(1)\Track5Data\official_demo_validation\fake\Advanced\DALLE3\dalle3\20231102143933b82206831d45b85d\a9380f988415c7422eddcfd56a4b1a5c.jpg,DALLE_Advanced,fake,1,1024,1024,0.0076682004146277905,0.55657113,0,real,0,false_negative,367
baseline2_njr,E:\TikTokTechJam\Track5Data(1)\Track5Data\official_demo_validation\fake\Advanced\DALLE3\dalle3\2023110215025084768300d30fc34f\a9380f988415c7422eddcfd56a4b1a5c.jpg,DALLE_Advanced,fake,1,1024,1024,0.0076682004146277905,0.55657113,0,real,0,false_negative,368
baseline2_njr,E:\TikTokTechJam\Track5Data(1)\Track5Data\official_demo_validation\fake\Advanced\DALLE3\dalle3\20231103102150b17aad067ad7e034\a9380f988415c7422eddcfd56a4b1a5c.jpg,DALLE_Advanced,fake,1,1024,1024,0.0076682004146277905,0.55657113,0,real,0,false_negative,369
baseline2_njr,E:\TikTokTechJam\Track5Data(1)\Track5Data\official_demo_validation\fake\Advanced\DALLE3\dalle3\202311070924598319e76b1a88ba6c\a9380f988415c7422eddcfd56a4b1a5c.jpg,DALLE_Advanced,fake,1,1024,1024,0.0076682004146277905,0.55657113,0,real,0,false_negative,370
baseline2_njr,E:\TikTokTechJam\Track5Data(1)\Track5Data\official_demo_validation\fake\Advanced\DALLE3\dalle3\202311011943129901ca391019566e\e74e946756e1759813d2527032a90e30.jpg,DALLE_Advanced,fake,1,1024,1024,0.007957035675644875,0.55657113,0,real,0,false_negative,371
baseline2_njr,E:\TikTokTechJam\Track5Data(1)\Track5Data\official_demo_validation\fake\Advanced\DALLE3\dalle3\202311070924598319e76b1a88ba6c\0bac655b0502e607d769b42cb15afbca.jpg,DALLE_Advanced,fake,1,1024,1024,0.008247002959251404,0.55657113,0,real,0,false_negative,372
baseline2_njr,E:\TikTokTechJam\Track5Data(1)\Track5Data\official_demo_validation\fake\Advanced\DALLE3\dalle3\20231102143933b82206831d45b85d\0dae831095eacbac1b065a535ab39c00.jpg,DALLE_Advanced,fake,1,1024,1024,0.008252319879829884,0.55657113,0,real,0,false_negative,373
baseline2_njr,E:\TikTokTechJam\Track5Data(1)\Track5Data\official_demo_validation\fake\Advanced\DALLE3\dalle3\2023110215025084768300d30fc34f\0dae831095eacbac1b065a535ab39c00.jpg,DALLE_Advanced,fake,1,1024,1024,0.008252319879829884,0.55657113,0,real,0,false_negative,374
baseline2_njr,E:\TikTokTechJam\Track5Data(1)\Track5Data\official_demo_validation\fake\Advanced\DALLE3\dalle3\20231103102150b17aad067ad7e034\0dae831095eacbac1b065a535ab39c00.jpg,DALLE_Advanced,fake,1,1024,1024,0.008252319879829884,0.55657113,0,real,0,false_negative,375
baseline2_njr,E:\TikTokTechJam\Track5Data(1)\Track5Data\official_demo_validation\fake\Advanced\DALLE3\dalle3\202311070924598319e76b1a88ba6c\0dae831095eacbac1b065a535ab39c00.jpg,DALLE_Advanced,fake,1,1024,1024,0.008252319879829884,0.55657113,0,real,0,false_negative,376
baseline2_njr,E:\TikTokTechJam\Track5Data(1)\Track5Data\official_demo_validation\fake\Advanced\DALLE3\dalle3\20231102143933b82206831d45b85d\6d9bddd64433c3ebb2f94d3d9380329f.jpg,DALLE_Advanced,fake,1,1024,1024,0.008295963518321514,0.55657113,0,real,0,false_negative,377
baseline2_njr,E:\TikTokTechJam\Track5Data(1)\Track5Data\official_demo_validation\fake\Advanced\DALLE3\dalle3\2023110215025084768300d30fc34f\6d9bddd64433c3ebb2f94d3d9380329f.jpg,DALLE_Advanced,fake,1,1024,1024,0.008295963518321514,0.55657113,0,real,0,false_negative,378
baseline2_njr,E:\TikTokTechJam\Track5Data(1)\Track5Data\official_demo_validation\fake\Advanced\DALLE3\dalle3\20231103102150b17aad067ad7e034\6d9bddd64433c3ebb2f94d3d9380329f.jpg,DALLE_Advanced,fake,1,1024,1024,0.008295963518321514,0.55657113,0,real,0,false_negative,379
baseline2_njr,E:\TikTokTechJam\Track5Data(1)\Track5Data\official_demo_validation\fake\Advanced\DALLE3\dalle3\202311070924598319e76b1a88ba6c\6d9bddd64433c3ebb2f94d3d9380329f.jpg,DALLE_Advanced,fake,1,1024,1024,0.008295963518321514,0.55657113,0,real,0,false_negative,380
baseline2_njr,E:\TikTokTechJam\Track5Data(1)\Track5Data\official_demo_validation\fake\Advanced\DALLE3\dalle3\202311011943129901ca391019566e\fa124ee451244716a855c05e3da77a68.jpg,DALLE_Advanced,fake,1,1024,1024,0.008348669856786728,0.55657113,0,real,0,false_negative,381
baseline2_njr,E:\TikTokTechJam\Track5Data(1)\Track5Data\official_demo_validation\fake\Advanced\DALLE3\dalle3\202311070924598319e76b1a88ba6c\2db6a8e7a37845a5de8706194f8c401e.jpg,DALLE_Advanced,fake,1,1024,1024,0.008497335016727448,0.55657113,0,real,0,false_negative,382
baseline2_njr,E:\TikTokTechJam\Track5Data(1)\Track5Data\official_demo_validation\fake\Advanced\DALLE3\dalle3\20231102143933b82206831d45b85d\38d27210e9ef69d8f5c56eb1202b853b.jpg,DALLE_Advanced,fake,1,1024,1024,0.008767323568463326,0.55657113,0,real,0,false_negative,383
baseline2_njr,E:\TikTokTechJam\Track5Data(1)\Track5Data\official_demo_validation\fake\Advanced\DALLE3\dalle3\2023110215025084768300d30fc34f\38d27210e9ef69d8f5c56eb1202b853b.jpg,DALLE_Advanced,fake,1,1024,1024,0.008767323568463326,0.55657113,0,real,0,false_negative,384
baseline2_njr,E:\TikTokTechJam\Track5Data(1)\Track5Data\official_demo_validation\fake\Advanced\DALLE3\dalle3\20231103102150b17aad067ad7e034\38d27210e9ef69d8f5c56eb1202b853b.jpg,DALLE_Advanced,fake,1,1024,1024,0.008767323568463326,0.55657113,0,real,0,false_negative,385
baseline2_njr,E:\TikTokTechJam\Track5Data(1)\Track5Data\official_demo_validation\fake\Advanced\DALLE3\dalle3\202311070924598319e76b1a88ba6c\38d27210e9ef69d8f5c56eb1202b853b.jpg,DALLE_Advanced,fake,1,1024,1024,0.008767323568463326,0.55657113,0,real,0,false_negative,386
baseline2_njr,E:\TikTokTechJam\Track5Data(1)\Track5Data\official_demo_validation\fake\Advanced\DALLE3\dalle3\20231102143933b82206831d45b85d\4a4f74175eb4dc28964a43e1e5bea833.jpg,DALLE_Advanced,fake,1,1024,1024,0.008826222270727158,0.55657113,0,real,0,false_negative,387
baseline2_njr,E:\TikTokTechJam\Track5Data(1)\Track5Data\official_demo_validation\fake\Advanced\DALLE3\dalle3\2023110215025084768300d30fc34f\4a4f74175eb4dc28964a43e1e5bea833.jpg,DALLE_Advanced,fake,1,1024,1024,0.008826222270727158,0.55657113,0,real,0,false_negative,388
baseline2_njr,E:\TikTokTechJam\Track5Data(1)\Track5Data\official_demo_validation\fake\Advanced\DALLE3\dalle3\20231103102150b17aad067ad7e034\4a4f74175eb4dc28964a43e1e5bea833.jpg,DALLE_Advanced,fake,1,1024,1024,0.008826222270727158,0.55657113,0,real,0,false_negative,389
baseline2_njr,E:\TikTokTechJam\Track5Data(1)\Track5Data\official_demo_validation\fake\Advanced\DALLE3\dalle3\202311070924598319e76b1a88ba6c\4a4f74175eb4dc28964a43e1e5bea833.jpg,DALLE_Advanced,fake,1,1024,1024,0.008826222270727158,0.55657113,0,real,0,false_negative,390
baseline2_njr,E:\TikTokTechJam\Track5Data(1)\Track5Data\official_demo_validation\fake\Advanced\DALLE3\dalle3\202311011943129901ca391019566e\f08a2113577a78a0501e9abbcd77cc6b.jpg,DALLE_Advanced,fake,1,1024,1024,0.008911876007914543,0.55657113,0,real,0,false_negative,391
baseline2_njr,E:\TikTokTechJam\Track5Data(1)\Track5Data\official_demo_validation\fake\Advanced\DALLE3\dalle3\202311011943129901ca391019566e\d17d7b79dae375b87e54d1db3c292ccf.jpg,DALLE_Advanced,fake,1,1024,1024,0.009247413836419582,0.55657113,0,real,0,false_negative,392
baseline2_njr,E:\TikTokTechJam\Track5Data(1)\Track5Data\official_demo_validation\fake\Advanced\DALLE3\dalle3\202311011943129901ca391019566e\c1f6a5e8ec93e413ccde66cfd21fe6ed.jpg,DALLE_Advanced,fake,1,1024,1024,0.00946116540580988,0.55657113,0,real,0,false_negative,393
baseline2_njr,E:\TikTokTechJam\Track5Data(1)\Track5Data\official_demo_validation\fake\Advanced\DALLE3\dalle3\202311011943129901ca391019566e\aedb139212d1d924cbdec14d3ddd2652.jpg,DALLE_Advanced,fake,1,1024,1024,0.009632118977606297,0.55657113,0,real,0,false_negative,394
baseline2_njr,E:\TikTokTechJam\Track5Data(1)\Track5Data\official_demo_validation\fake\Advanced\DALLE3\dalle3\202311011943129901ca391019566e\8420da1a7ae601c7d3ebef13fa0200d9.jpg,DALLE_Advanced,fake,1,1024,1024,0.0097631411626935,0.55657113,0,real,0,false_negative,395
baseline2_njr,E:\TikTokTechJam\Track5Data(1)\Track5Data\official_demo_validation\fake\Advanced\DALLE3\dalle3\202311070924598319e76b1a88ba6c\50bcdb27830ca8be95298802a0162ba9.jpg,DALLE_Advanced,fake,1,1024,1024,0.009830189868807793,0.55657113,0,real,0,false_negative,396
baseline2_njr,E:\TikTokTechJam\Track5Data(1)\Track5Data\official_demo_validation\fake\Advanced\DALLE3\dalle3\20231103102150b17aad067ad7e034\93d6acfbdfd3ae32ddafbe2020bfef28.jpg,DALLE_Advanced,fake,1,1024,1024,0.009864036925137043,0.55657113,0,real,0,false_negative,397
baseline2_njr,E:\TikTokTechJam\Track5Data(1)\Track5Data\official_demo_validation\fake\Advanced\DALLE3\dalle3\202311011943129901ca391019566e\9c68c5505fb06ef5a3800422110e4672.jpg,DALLE_Advanced,fake,1,1024,1024,0.010189702734351158,0.55657113,0,real,0,false_negative,398
baseline2_njr,E:\TikTokTechJam\Track5Data(1)\Track5Data\official_demo_validation\fake\Advanced\DALLE3\dalle3\20231102143933b82206831d45b85d\0819ac54426114b847532ee8cbe102d0.jpg,DALLE_Advanced,fake,1,1024,1024,0.010631234385073185,0.55657113,0,real,0,false_negative,399
baseline2_njr,E:\TikTokTechJam\Track5Data(1)\Track5Data\official_demo_validation\fake\Advanced\DALLE3\dalle3\2023110215025084768300d30fc34f\0819ac54426114b847532ee8cbe102d0.jpg,DALLE_Advanced,fake,1,1024,1024,0.010631234385073185,0.55657113,0,real,0,false_negative,400
baseline2_njr,E:\TikTokTechJam\Track5Data(1)\Track5Data\official_demo_validation\fake\Advanced\DALLE3\dalle3\20231103102150b17aad067ad7e034\0819ac54426114b847532ee8cbe102d0.jpg,DALLE_Advanced,fake,1,1024,1024,0.010631234385073185,0.55657113,0,real,0,false_negative,401
baseline2_njr,E:\TikTokTechJam\Track5Data(1)\Track5Data\official_demo_validation\fake\Advanced\DALLE3\dalle3\202311070924598319e76b1a88ba6c\0819ac54426114b847532ee8cbe102d0.jpg,DALLE_Advanced,fake,1,1024,1024,0.010631234385073185,0.55657113,0,real,0,false_negative,402
baseline2_njr,E:\TikTokTechJam\Track5Data(1)\Track5Data\official_demo_validation\fake\Advanced\DALLE3\dalle3\20231102143933b82206831d45b85d\0f690ef51436ee6a034f5a488ee3b76c.jpg,DALLE_Advanced,fake,1,1024,1024,0.010632828809320927,0.55657113,0,real,0,false_negative,403
baseline2_njr,E:\TikTokTechJam\Track5Data(1)\Track5Data\official_demo_validation\fake\Advanced\DALLE3\dalle3\2023110215025084768300d30fc34f\0f690ef51436ee6a034f5a488ee3b76c.jpg,DALLE_Advanced,fake,1,1024,1024,0.010632828809320927,0.55657113,0,real,0,false_negative,404
baseline2_njr,E:\TikTokTechJam\Track5Data(1)\Track5Data\official_demo_validation\fake\Advanced\DALLE3\dalle3\20231103102150b17aad067ad7e034\0f690ef51436ee6a034f5a488ee3b76c.jpg,DALLE_Advanced,fake,1,1024,1024,0.010632828809320927,0.55657113,0,real,0,false_negative,405
baseline2_njr,E:\TikTokTechJam\Track5Data(1)\Track5Data\official_demo_validation\fake\Advanced\DALLE3\dalle3\202311070924598319e76b1a88ba6c\0f690ef51436ee6a034f5a488ee3b76c.jpg,DALLE_Advanced,fake,1,1024,1024,0.010632828809320927,0.55657113,0,real,0,false_negative,406
baseline2_njr,E:\TikTokTechJam\Track5Data(1)\Track5Data\official_demo_validation\fake\Advanced\DALLE3\dalle3\20231102143933b82206831d45b85d\b2426cc4c495f2679b7dc5e7db29e473.jpg,DALLE_Advanced,fake,1,1024,1024,0.011274813674390316,0.55657113,0,real,0,false_negative,407
baseline2_njr,E:\TikTokTechJam\Track5Data(1)\Track5Data\official_demo_validation\fake\Advanced\DALLE3\dalle3\2023110215025084768300d30fc34f\b2426cc4c495f2679b7dc5e7db29e473.jpg,DALLE_Advanced,fake,1,1024,1024,0.011274813674390316,0.55657113,0,real,0,false_negative,408
baseline2_njr,E:\TikTokTechJam\Track5Data(1)\Track5Data\official_demo_validation\fake\Advanced\DALLE3\dalle3\20231103102150b17aad067ad7e034\b2426cc4c495f2679b7dc5e7db29e473.jpg,DALLE_Advanced,fake,1,1024,1024,0.011274813674390316,0.55657113,0,real,0,false_negative,409
baseline2_njr,E:\TikTokTechJam\Track5Data(1)\Track5Data\official_demo_validation\fake\Advanced\DALLE3\dalle3\202311070924598319e76b1a88ba6c\b2426cc4c495f2679b7dc5e7db29e473.jpg,DALLE_Advanced,fake,1,1024,1024,0.011274813674390316,0.55657113,0,real,0,false_negative,410
baseline2_njr,E:\TikTokTechJam\Track5Data(1)\Track5Data\official_demo_validation\fake\Advanced\DALLE3\dalle3\202311011943129901ca391019566e\adb205440a0ea7f7c9fe8c14ff334965.jpg,DALLE_Advanced,fake,1,1792,1024,0.011517737992107868,0.55657113,0,real,0,false_negative,411
baseline2_njr,E:\TikTokTechJam\Track5Data(1)\Track5Data\official_demo_validation\fake\Advanced\DALLE3\dalle3\202311011943129901ca391019566e\839511b7d5c3244033ed20bc592a8055.jpg,DALLE_Advanced,fake,1,1024,1024,0.011750961653888226,0.55657113,0,real,0,false_negative,412
baseline2_njr,E:\TikTokTechJam\Track5Data(1)\Track5Data\official_demo_validation\fake\Advanced\DALLE3\dalle3\20231102143933b82206831d45b85d\62b43ad73c9787f5d266f6223745c6a7.jpg,DALLE_Advanced,fake,1,1024,1024,0.01246203575283289,0.55657113,0,real,0,false_negative,413
baseline2_njr,E:\TikTokTechJam\Track5Data(1)\Track5Data\official_demo_validation\fake\Advanced\DALLE3\dalle3\2023110215025084768300d30fc34f\62b43ad73c9787f5d266f6223745c6a7.jpg,DALLE_Advanced,fake,1,1024,1024,0.01246203575283289,0.55657113,0,real,0,false_negative,414
baseline2_njr,E:\TikTokTechJam\Track5Data(1)\Track5Data\official_demo_validation\fake\Advanced\DALLE3\dalle3\20231103102150b17aad067ad7e034\62b43ad73c9787f5d266f6223745c6a7.jpg,DALLE_Advanced,fake,1,1024,1024,0.01246203575283289,0.55657113,0,real,0,false_negative,415
baseline2_njr,E:\TikTokTechJam\Track5Data(1)\Track5Data\official_demo_validation\fake\Advanced\DALLE3\dalle3\202311070924598319e76b1a88ba6c\62b43ad73c9787f5d266f6223745c6a7.jpg,DALLE_Advanced,fake,1,1024,1024,0.01246203575283289,0.55657113,0,real,0,false_negative,416
baseline2_njr,E:\TikTokTechJam\Track5Data(1)\Track5Data\official_demo_validation\fake\Advanced\DALLE3\dalle3\20231102143933b82206831d45b85d\27fe4447b920d2956a353c76c97abaaa.jpg,DALLE_Advanced,fake,1,1024,1024,0.012495835311710835,0.55657113,0,real,0,false_negative,417
baseline2_njr,E:\TikTokTechJam\Track5Data(1)\Track5Data\official_demo_validation\fake\Advanced\DALLE3\dalle3\2023110215025084768300d30fc34f\27fe4447b920d2956a353c76c97abaaa.jpg,DALLE_Advanced,fake,1,1024,1024,0.012495835311710835,0.55657113,0,real,0,false_negative,418
baseline2_njr,E:\TikTokTechJam\Track5Data(1)\Track5Data\official_demo_validation\fake\Advanced\DALLE3\dalle3\20231103102150b17aad067ad7e034\27fe4447b920d2956a353c76c97abaaa.jpg,DALLE_Advanced,fake,1,1024,1024,0.012495835311710835,0.55657113,0,real,0,false_negative,419
baseline2_njr,E:\TikTokTechJam\Track5Data(1)\Track5Data\official_demo_validation\fake\Advanced\DALLE3\dalle3\202311070924598319e76b1a88ba6c\27fe4447b920d2956a353c76c97abaaa.jpg,DALLE_Advanced,fake,1,1024,1024,0.012495835311710835,0.55657113,0,real,0,false_negative,420
baseline2_njr,E:\TikTokTechJam\Track5Data(1)\Track5Data\official_demo_validation\fake\Advanced\DALLE3\dalle3\20231102143933b82206831d45b85d\9240403efbf44f93a8588357c7c00b7e.jpg,DALLE_Advanced,fake,1,1792,1024,0.012868301011621952,0.55657113,0,real,0,false_negative,421
baseline2_njr,E:\TikTokTechJam\Track5Data(1)\Track5Data\official_demo_validation\fake\Advanced\DALLE3\dalle3\2023110215025084768300d30fc34f\9240403efbf44f93a8588357c7c00b7e.jpg,DALLE_Advanced,fake,1,1792,1024,0.012868301011621952,0.55657113,0,real,0,false_negative,422
baseline2_njr,E:\TikTokTechJam\Track5Data(1)\Track5Data\official_demo_validation\fake\Advanced\DALLE3\dalle3\20231103102150b17aad067ad7e034\9240403efbf44f93a8588357c7c00b7e.jpg,DALLE_Advanced,fake,1,1792,1024,0.012868301011621952,0.55657113,0,real,0,false_negative,423
baseline2_njr,E:\TikTokTechJam\Track5Data(1)\Track5Data\official_demo_validation\fake\Advanced\DALLE3\dalle3\202311070924598319e76b1a88ba6c\9240403efbf44f93a8588357c7c00b7e.jpg,DALLE_Advanced,fake,1,1792,1024,0.012868301011621952,0.55657113,0,real,0,false_negative,424
baseline2_njr,E:\TikTokTechJam\Track5Data(1)\Track5Data\official_demo_validation\fake\Advanced\DALLE3\dalle3\20231102143933b82206831d45b85d\5a9e24b16319680783e75f8f73d16844.jpg,DALLE_Advanced,fake,1,1024,1024,0.01428256556391716,0.55657113,0,real,0,false_negative,425
baseline2_njr,E:\TikTokTechJam\Track5Data(1)\Track5Data\official_demo_validation\fake\Advanced\DALLE3\dalle3\2023110215025084768300d30fc34f\5a9e24b16319680783e75f8f73d16844.jpg,DALLE_Advanced,fake,1,1024,1024,0.01428256556391716,0.55657113,0,real,0,false_negative,426
baseline2_njr,E:\TikTokTechJam\Track5Data(1)\Track5Data\official_demo_validation\fake\Advanced\DALLE3\dalle3\20231103102150b17aad067ad7e034\5a9e24b16319680783e75f8f73d16844.jpg,DALLE_Advanced,fake,1,1024,1024,0.01428256556391716,0.55657113,0,real,0,false_negative,427
baseline2_njr,E:\TikTokTechJam\Track5Data(1)\Track5Data\official_demo_validation\fake\Advanced\DALLE3\dalle3\202311070924598319e76b1a88ba6c\5a9e24b16319680783e75f8f73d16844.jpg,DALLE_Advanced,fake,1,1024,1024,0.01428256556391716,0.55657113,0,real,0,false_negative,428
baseline2_njr,E:\TikTokTechJam\Track5Data(1)\Track5Data\official_demo_validation\fake\Advanced\DALLE3\dalle3\202311011943129901ca391019566e\79231e94607ed467f841732962eef0b5.jpg,DALLE_Advanced,fake,1,1024,1024,0.014487748965620995,0.55657113,0,real,0,false_negative,429
baseline2_njr,E:\TikTokTechJam\Track5Data(1)\Track5Data\official_demo_validation\fake\Advanced\DALLE3\dalle3\202311011943129901ca391019566e\5417c1fb786fce3aa79f1b9c1599d652.jpg,DALLE_Advanced,fake,1,1024,1024,0.014522825367748737,0.55657113,0,real,0,false_negative,430
baseline2_njr,E:\TikTokTechJam\Track5Data(1)\Track5Data\official_demo_validation\fake\Advanced\DALLE3\dalle3\202311011943129901ca391019566e\41da469d28d6635377588301fe982446.jpg,DALLE_Advanced,fake,1,1024,1024,0.01469712145626545,0.55657113,0,real,0,false_negative,431
baseline2_njr,E:\TikTokTechJam\Track5Data(1)\Track5Data\official_demo_validation\fake\Advanced\DALLE3\dalle3\202311011943129901ca391019566e\f50ef7a7ec833a86a6636af710156ae7.jpg,DALLE_Advanced,fake,1,1024,1024,0.014760325662791729,0.55657113,0,real,0,false_negative,432
baseline2_njr,E:\TikTokTechJam\Track5Data(1)\Track5Data\official_demo_validation\fake\Advanced\DALLE3\dalle3\20231102143933b82206831d45b85d\93d2a2c8135735b49ea75abca829991d.jpg,DALLE_Advanced,fake,1,1792,1024,0.015894856303930283,0.55657113,0,real,0,false_negative,433
baseline2_njr,E:\TikTokTechJam\Track5Data(1)\Track5Data\official_demo_validation\fake\Advanced\DALLE3\dalle3\2023110215025084768300d30fc34f\93d2a2c8135735b49ea75abca829991d.jpg,DALLE_Advanced,fake,1,1792,1024,0.015894856303930283,0.55657113,0,real,0,false_negative,434
baseline2_njr,E:\TikTokTechJam\Track5Data(1)\Track5Data\official_demo_validation\fake\Advanced\DALLE3\dalle3\20231103102150b17aad067ad7e034\93d2a2c8135735b49ea75abca829991d.jpg,DALLE_Advanced,fake,1,1792,1024,0.015894856303930283,0.55657113,0,real,0,false_negative,435
baseline2_njr,E:\TikTokTechJam\Track5Data(1)\Track5Data\official_demo_validation\fake\Advanced\DALLE3\dalle3\202311070924598319e76b1a88ba6c\93d2a2c8135735b49ea75abca829991d.jpg,DALLE_Advanced,fake,1,1792,1024,0.015894856303930283,0.55657113,0,real,0,false_negative,436
baseline2_njr,E:\TikTokTechJam\Track5Data(1)\Track5Data\official_demo_validation\fake\Advanced\DALLE3\dalle3\20231102143933b82206831d45b85d\fdb642fa3c62b6dff468cf824f21e00a.jpg,DALLE_Advanced,fake,1,1024,1024,0.016144411638379097,0.55657113,0,real,0,false_negative,437
baseline2_njr,E:\TikTokTechJam\Track5Data(1)\Track5Data\official_demo_validation\fake\Advanced\DALLE3\dalle3\2023110215025084768300d30fc34f\fdb642fa3c62b6dff468cf824f21e00a.jpg,DALLE_Advanced,fake,1,1024,1024,0.016144411638379097,0.55657113,0,real,0,false_negative,438
baseline2_njr,E:\TikTokTechJam\Track5Data(1)\Track5Data\official_demo_validation\fake\Advanced\DALLE3\dalle3\20231103102150b17aad067ad7e034\fdb642fa3c62b6dff468cf824f21e00a.jpg,DALLE_Advanced,fake,1,1024,1024,0.016144411638379097,0.55657113,0,real,0,false_negative,439
baseline2_njr,E:\TikTokTechJam\Track5Data(1)\Track5Data\official_demo_validation\fake\Advanced\DALLE3\dalle3\202311070924598319e76b1a88ba6c\fdb642fa3c62b6dff468cf824f21e00a.jpg,DALLE_Advanced,fake,1,1024,1024,0.016144411638379097,0.55657113,0,real,0,false_negative,440
baseline2_njr,E:\TikTokTechJam\Track5Data(1)\Track5Data\official_demo_validation\fake\Advanced\DALLE3\dalle3\20231102143933b82206831d45b85d\b35d21c85fc1951aaf2b9594c0b457ad.jpg,DALLE_Advanced,fake,1,1024,1024,0.01638934388756752,0.55657113,0,real,0,false_negative,441
baseline2_njr,E:\TikTokTechJam\Track5Data(1)\Track5Data\official_demo_validation\fake\Advanced\DALLE3\dalle3\2023110215025084768300d30fc34f\b35d21c85fc1951aaf2b9594c0b457ad.jpg,DALLE_Advanced,fake,1,1024,1024,0.01638934388756752,0.55657113,0,real,0,false_negative,442
baseline2_njr,E:\TikTokTechJam\Track5Data(1)\Track5Data\official_demo_validation\fake\Advanced\DALLE3\dalle3\20231103102150b17aad067ad7e034\b35d21c85fc1951aaf2b9594c0b457ad.jpg,DALLE_Advanced,fake,1,1024,1024,0.01638934388756752,0.55657113,0,real,0,false_negative,443
baseline2_njr,E:\TikTokTechJam\Track5Data(1)\Track5Data\official_demo_validation\fake\Advanced\DALLE3\dalle3\202311070924598319e76b1a88ba6c\b35d21c85fc1951aaf2b9594c0b457ad.jpg,DALLE_Advanced,fake,1,1024,1024,0.01638934388756752,0.55657113,0,real,0,false_negative,444
baseline2_njr,E:\TikTokTechJam\Track5Data(1)\Track5Data\official_demo_validation\fake\Advanced\DALLE3\dalle3\20231102143933b82206831d45b85d\b944d749229464a8200a92da98b95506.jpg,DALLE_Advanced,fake,1,1024,1024,0.01639294996857643,0.55657113,0,real,0,false_negative,445
baseline2_njr,E:\TikTokTechJam\Track5Data(1)\Track5Data\official_demo_validation\fake\Advanced\DALLE3\dalle3\2023110215025084768300d30fc34f\b944d749229464a8200a92da98b95506.jpg,DALLE_Advanced,fake,1,1024,1024,0.01639294996857643,0.55657113,0,real,0,false_negative,446
baseline2_njr,E:\TikTokTechJam\Track5Data(1)\Track5Data\official_demo_validation\fake\Advanced\DALLE3\dalle3\20231103102150b17aad067ad7e034\b944d749229464a8200a92da98b95506.jpg,DALLE_Advanced,fake,1,1024,1024,0.01639294996857643,0.55657113,0,real,0,false_negative,447
baseline2_njr,E:\TikTokTechJam\Track5Data(1)\Track5Data\official_demo_validation\fake\Advanced\DALLE3\dalle3\202311070924598319e76b1a88ba6c\b944d749229464a8200a92da98b95506.jpg,DALLE_Advanced,fake,1,1024,1024,0.01639294996857643,0.55657113,0,real,0,false_negative,448
baseline2_njr,E:\TikTokTechJam\Track5Data(1)\Track5Data\official_demo_validation\fake\Advanced\DALLE3\dalle3\202311070924598319e76b1a88ba6c\361f4f9c55ee0b1f756b721ddc5bd85c.jpg,DALLE_Advanced,fake,1,1024,1024,0.016637573018670082,0.55657113,0,real,0,false_negative,449
baseline2_njr,E:\TikTokTechJam\Track5Data(1)\Track5Data\official_demo_validation\fake\Advanced\DALLE3\dalle3\20231102143933b82206831d45b85d\0a2f4c92cdea95bb4a3c29ad3bbacb52.jpg,DALLE_Advanced,fake,1,1024,1024,0.017963821068406105,0.55657113,0,real,0,false_negative,450
baseline2_njr,E:\TikTokTechJam\Track5Data(1)\Track5Data\official_demo_validation\fake\Advanced\DALLE3\dalle3\2023110215025084768300d30fc34f\0a2f4c92cdea95bb4a3c29ad3bbacb52.jpg,DALLE_Advanced,fake,1,1024,1024,0.017963821068406105,0.55657113,0,real,0,false_negative,451
baseline2_njr,E:\TikTokTechJam\Track5Data(1)\Track5Data\official_demo_validation\fake\Advanced\DALLE3\dalle3\20231103102150b17aad067ad7e034\0a2f4c92cdea95bb4a3c29ad3bbacb52.jpg,DALLE_Advanced,fake,1,1024,1024,0.017963821068406105,0.55657113,0,real,0,false_negative,452
baseline2_njr,E:\TikTokTechJam\Track5Data(1)\Track5Data\official_demo_validation\fake\Advanced\DALLE3\dalle3\202311070924598319e76b1a88ba6c\0a2f4c92cdea95bb4a3c29ad3bbacb52.jpg,DALLE_Advanced,fake,1,1024,1024,0.017963821068406105,0.55657113,0,real,0,false_negative,453
baseline2_njr,E:\TikTokTechJam\Track5Data(1)\Track5Data\official_demo_validation\fake\Advanced\DALLE3\dalle3\20231102143933b82206831d45b85d\726e3a6c8b4bf7affe3dbf5e8d891c51.jpg,DALLE_Advanced,fake,1,1024,1024,0.018084777519106865,0.55657113,0,real,0,false_negative,454
baseline2_njr,E:\TikTokTechJam\Track5Data(1)\Track5Data\official_demo_validation\fake\Advanced\DALLE3\dalle3\2023110215025084768300d30fc34f\726e3a6c8b4bf7affe3dbf5e8d891c51.jpg,DALLE_Advanced,fake,1,1024,1024,0.018084777519106865,0.55657113,0,real,0,false_negative,455
baseline2_njr,E:\TikTokTechJam\Track5Data(1)\Track5Data\official_demo_validation\fake\Advanced\DALLE3\dalle3\20231103102150b17aad067ad7e034\726e3a6c8b4bf7affe3dbf5e8d891c51.jpg,DALLE_Advanced,fake,1,1024,1024,0.018084777519106865,0.55657113,0,real,0,false_negative,456
baseline2_njr,E:\TikTokTechJam\Track5Data(1)\Track5Data\official_demo_validation\fake\Advanced\DALLE3\dalle3\202311070924598319e76b1a88ba6c\726e3a6c8b4bf7affe3dbf5e8d891c51.jpg,DALLE_Advanced,fake,1,1024,1024,0.018084777519106865,0.55657113,0,real,0,false_negative,457
baseline2_njr,E:\TikTokTechJam\Track5Data(1)\Track5Data\official_demo_validation\fake\Advanced\DALLE3\dalle3\20231102143933b82206831d45b85d\f0c69826c5784842be0acc904f03c828.jpg,DALLE_Advanced,fake,1,1024,1024,0.0180886909365654,0.55657113,0,real,0,false_negative,458
baseline2_njr,E:\TikTokTechJam\Track5Data(1)\Track5Data\official_demo_validation\fake\Advanced\DALLE3\dalle3\2023110215025084768300d30fc34f\f0c69826c5784842be0acc904f03c828.jpg,DALLE_Advanced,fake,1,1024,1024,0.0180886909365654,0.55657113,0,real,0,false_negative,459
baseline2_njr,E:\TikTokTechJam\Track5Data(1)\Track5Data\official_demo_validation\fake\Advanced\DALLE3\dalle3\20231103102150b17aad067ad7e034\f0c69826c5784842be0acc904f03c828.jpg,DALLE_Advanced,fake,1,1024,1024,0.0180886909365654,0.55657113,0,real,0,false_negative,460
baseline2_njr,E:\TikTokTechJam\Track5Data(1)\Track5Data\official_demo_validation\fake\Advanced\DALLE3\dalle3\202311070924598319e76b1a88ba6c\f0c69826c5784842be0acc904f03c828.jpg,DALLE_Advanced,fake,1,1024,1024,0.0180886909365654,0.55657113,0,real,0,false_negative,461
baseline2_njr,E:\TikTokTechJam\Track5Data(1)\Track5Data\official_demo_validation\fake\Advanced\DALLE3\dalle3\202311011943129901ca391019566e\f5640d417eb1fb4bbb3ca09ec64e504c.jpg,DALLE_Advanced,fake,1,1792,1024,0.018517037853598595,0.55657113,0,real,0,false_negative,462
baseline2_njr,E:\TikTokTechJam\Track5Data(1)\Track5Data\official_demo_validation\fake\Advanced\DALLE3\dalle3\20231102143933b82206831d45b85d\292cc83745e73830474b3335db40e296.jpg,DALLE_Advanced,fake,1,1024,1024,0.0189158096909523,0.55657113,0,real,0,false_negative,463
baseline2_njr,E:\TikTokTechJam\Track5Data(1)\Track5Data\official_demo_validation\fake\Advanced\DALLE3\dalle3\2023110215025084768300d30fc34f\292cc83745e73830474b3335db40e296.jpg,DALLE_Advanced,fake,1,1024,1024,0.0189158096909523,0.55657113,0,real,0,false_negative,464
baseline2_njr,E:\TikTokTechJam\Track5Data(1)\Track5Data\official_demo_validation\fake\Advanced\DALLE3\dalle3\20231103102150b17aad067ad7e034\292cc83745e73830474b3335db40e296.jpg,DALLE_Advanced,fake,1,1024,1024,0.0189158096909523,0.55657113,0,real,0,false_negative,465
baseline2_njr,E:\TikTokTechJam\Track5Data(1)\Track5Data\official_demo_validation\fake\Advanced\DALLE3\dalle3\202311070924598319e76b1a88ba6c\292cc83745e73830474b3335db40e296.jpg,DALLE_Advanced,fake,1,1024,1024,0.0189158096909523,0.55657113,0,real,0,false_negative,466
baseline2_njr,E:\TikTokTechJam\Track5Data(1)\Track5Data\official_demo_validation\fake\Advanced\DALLE3\dalle3\202311011943129901ca391019566e\0d37afa583f90871220d432098653482.jpg,DALLE_Advanced,fake,1,1792,1024,0.01902162656188011,0.55657113,0,real,0,false_negative,467
baseline2_njr,E:\TikTokTechJam\Track5Data(1)\Track5Data\official_demo_validation\fake\Advanced\DALLE3\dalle3\20231102143933b82206831d45b85d\34da32bd48ab48e3caf145b9a17950ae.jpg,DALLE_Advanced,fake,1,1024,1024,0.02160254865884781,0.55657113,0,real,0,false_negative,468
baseline2_njr,E:\TikTokTechJam\Track5Data(1)\Track5Data\official_demo_validation\fake\Advanced\DALLE3\dalle3\2023110215025084768300d30fc34f\34da32bd48ab48e3caf145b9a17950ae.jpg,DALLE_Advanced,fake,1,1024,1024,0.02160254865884781,0.55657113,0,real,0,false_negative,469
baseline2_njr,E:\TikTokTechJam\Track5Data(1)\Track5Data\official_demo_validation\fake\Advanced\DALLE3\dalle3\20231103102150b17aad067ad7e034\34da32bd48ab48e3caf145b9a17950ae.jpg,DALLE_Advanced,fake,1,1024,1024,0.02160254865884781,0.55657113,0,real,0,false_negative,470
baseline2_njr,E:\TikTokTechJam\Track5Data(1)\Track5Data\official_demo_validation\fake\Advanced\DALLE3\dalle3\202311070924598319e76b1a88ba6c\34da32bd48ab48e3caf145b9a17950ae.jpg,DALLE_Advanced,fake,1,1024,1024,0.02160254865884781,0.55657113,0,real,0,false_negative,471
baseline2_njr,E:\TikTokTechJam\Track5Data(1)\Track5Data\official_demo_validation\fake\Advanced\DALLE3\dalle3\20231102143933b82206831d45b85d\78523773ab81e34d40be0207fd2ba41b.jpg,DALLE_Advanced,fake,1,1024,1024,0.0218143779784441,0.55657113,0,real,0,false_negative,472
baseline2_njr,E:\TikTokTechJam\Track5Data(1)\Track5Data\official_demo_validation\fake\Advanced\DALLE3\dalle3\2023110215025084768300d30fc34f\78523773ab81e34d40be0207fd2ba41b.jpg,DALLE_Advanced,fake,1,1024,1024,0.0218143779784441,0.55657113,0,real,0,false_negative,473
baseline2_njr,E:\TikTokTechJam\Track5Data(1)\Track5Data\official_demo_validation\fake\Advanced\DALLE3\dalle3\20231103102150b17aad067ad7e034\78523773ab81e34d40be0207fd2ba41b.jpg,DALLE_Advanced,fake,1,1024,1024,0.0218143779784441,0.55657113,0,real,0,false_negative,474
baseline2_njr,E:\TikTokTechJam\Track5Data(1)\Track5Data\official_demo_validation\fake\Advanced\DALLE3\dalle3\202311070924598319e76b1a88ba6c\78523773ab81e34d40be0207fd2ba41b.jpg,DALLE_Advanced,fake,1,1024,1024,0.0218143779784441,0.55657113,0,real,0,false_negative,475
baseline2_njr,E:\TikTokTechJam\Track5Data(1)\Track5Data\official_demo_validation\fake\Advanced\DALLE3\dalle3\202311070924598319e76b1a88ba6c\e5de123b517d2e6cfa0700bf31a3e6be.jpg,DALLE_Advanced,fake,1,1024,1024,0.022603312507271767,0.55657113,0,real,0,false_negative,476
baseline2_njr,E:\TikTokTechJam\Track5Data(1)\Track5Data\official_demo_validation\fake\Advanced\DALLE3\dalle3\202311070924598319e76b1a88ba6c\051cef297d6f0a9348c27e3e1260eca9.jpg,DALLE_Advanced,fake,1,1024,1024,0.02315419167280197,0.55657113,0,real,0,false_negative,477
baseline2_njr,E:\TikTokTechJam\Track5Data(1)\Track5Data\official_demo_validation\fake\Advanced\DALLE3\dalle3\20231102143933b82206831d45b85d\6675766951b96b852b3e3d54858f0b72.jpg,DALLE_Advanced,fake,1,1024,1024,0.02339908853173256,0.55657113,0,real,0,false_negative,478
baseline2_njr,E:\TikTokTechJam\Track5Data(1)\Track5Data\official_demo_validation\fake\Advanced\DALLE3\dalle3\2023110215025084768300d30fc34f\6675766951b96b852b3e3d54858f0b72.jpg,DALLE_Advanced,fake,1,1024,1024,0.02339908853173256,0.55657113,0,real,0,false_negative,479
baseline2_njr,E:\TikTokTechJam\Track5Data(1)\Track5Data\official_demo_validation\fake\Advanced\DALLE3\dalle3\20231103102150b17aad067ad7e034\6675766951b96b852b3e3d54858f0b72.jpg,DALLE_Advanced,fake,1,1024,1024,0.02339908853173256,0.55657113,0,real,0,false_negative,480
baseline2_njr,E:\TikTokTechJam\Track5Data(1)\Track5Data\official_demo_validation\fake\Advanced\DALLE3\dalle3\202311070924598319e76b1a88ba6c\6675766951b96b852b3e3d54858f0b72.jpg,DALLE_Advanced,fake,1,1024,1024,0.02339908853173256,0.55657113,0,real,0,false_negative,481
baseline2_njr,E:\TikTokTechJam\Track5Data(1)\Track5Data\official_demo_validation\fake\Advanced\DALLE3\dalle3\202311011943129901ca391019566e\b57c664f4718c2aa180ce43a8d5afcb6.jpg,DALLE_Advanced,fake,1,1024,1024,0.023491136729717255,0.55657113,0,real,0,false_negative,482
baseline2_njr,E:\TikTokTechJam\Track5Data(1)\Track5Data\official_demo_validation\fake\Advanced\DALLE3\dalle3\20231102143933b82206831d45b85d\3716817610a2fd821692507444e9ea34.jpg,DALLE_Advanced,fake,1,1024,1024,0.023562831804156303,0.55657113,0,real,0,false_negative,483
baseline2_njr,E:\TikTokTechJam\Track5Data(1)\Track5Data\official_demo_validation\fake\Advanced\DALLE3\dalle3\2023110215025084768300d30fc34f\3716817610a2fd821692507444e9ea34.jpg,DALLE_Advanced,fake,1,1024,1024,0.023562831804156303,0.55657113,0,real,0,false_negative,484
baseline2_njr,E:\TikTokTechJam\Track5Data(1)\Track5Data\official_demo_validation\fake\Advanced\DALLE3\dalle3\20231103102150b17aad067ad7e034\3716817610a2fd821692507444e9ea34.jpg,DALLE_Advanced,fake,1,1024,1024,0.023562831804156303,0.55657113,0,real,0,false_negative,485
baseline2_njr,E:\TikTokTechJam\Track5Data(1)\Track5Data\official_demo_validation\fake\Advanced\DALLE3\dalle3\202311070924598319e76b1a88ba6c\3716817610a2fd821692507444e9ea34.jpg,DALLE_Advanced,fake,1,1024,1024,0.023562831804156303,0.55657113,0,real,0,false_negative,486
baseline2_njr,E:\TikTokTechJam\Track5Data(1)\Track5Data\official_demo_validation\fake\Advanced\DALLE3\dalle3\202311011943129901ca391019566e\4b83dccbdb1c2fd84b80b1ddbdcac2e6.jpg,DALLE_Advanced,fake,1,1024,1024,0.024302545934915543,0.55657113,0,real,0,false_negative,487
baseline2_njr,E:\TikTokTechJam\Track5Data(1)\Track5Data\official_demo_validation\fake\Advanced\DALLE3\dalle3\20231102143933b82206831d45b85d\e10ef85974f255dd725a4b264c99989b.jpg,DALLE_Advanced,fake,1,1024,1024,0.026744000613689423,0.55657113,0,real,0,false_negative,488
baseline2_njr,E:\TikTokTechJam\Track5Data(1)\Track5Data\official_demo_validation\fake\Advanced\DALLE3\dalle3\2023110215025084768300d30fc34f\e10ef85974f255dd725a4b264c99989b.jpg,DALLE_Advanced,fake,1,1024,1024,0.026744000613689423,0.55657113,0,real,0,false_negative,489
baseline2_njr,E:\TikTokTechJam\Track5Data(1)\Track5Data\official_demo_validation\fake\Advanced\DALLE3\dalle3\20231103102150b17aad067ad7e034\e10ef85974f255dd725a4b264c99989b.jpg,DALLE_Advanced,fake,1,1024,1024,0.026744000613689423,0.55657113,0,real,0,false_negative,490
baseline2_njr,E:\TikTokTechJam\Track5Data(1)\Track5Data\official_demo_validation\fake\Advanced\DALLE3\dalle3\202311070924598319e76b1a88ba6c\e10ef85974f255dd725a4b264c99989b.jpg,DALLE_Advanced,fake,1,1024,1024,0.026744000613689423,0.55657113,0,real,0,false_negative,491
baseline2_njr,E:\TikTokTechJam\Track5Data(1)\Track5Data\official_demo_validation\fake\Advanced\DALLE3\dalle3\202311011943129901ca391019566e\ff35a42457ef5d7992bd2a909f21f2c2.jpg,DALLE_Advanced,fake,1,1024,1024,0.028007986024022102,0.55657113,0,real,0,false_negative,492
baseline2_njr,E:\TikTokTechJam\Track5Data(1)\Track5Data\official_demo_validation\fake\Advanced\DALLE3\dalle3\202311011943129901ca391019566e\f0f436c1d268398c98c150b151c03aad.jpg,DALLE_Advanced,fake,1,1024,1024,0.02851090207695961,0.55657113,0,real,0,false_negative,493
baseline2_njr,E:\TikTokTechJam\Track5Data(1)\Track5Data\official_demo_validation\fake\Advanced\DALLE3\dalle3\202311011943129901ca391019566e\4a5d2f38b2c0fca78828adf9d6f6296c.jpg,DALLE_Advanced,fake,1,1024,1024,0.028981072828173637,0.55657113,0,real,0,false_negative,494
baseline2_njr,E:\TikTokTechJam\Track5Data(1)\Track5Data\official_demo_validation\fake\Advanced\DALLE3\dalle3\20231102143933b82206831d45b85d\af2c2873995e0e86a0840f1027a8e698.jpg,DALLE_Advanced,fake,1,1024,1024,0.02926880121231079,0.55657113,0,real,0,false_negative,495
baseline2_njr,E:\TikTokTechJam\Track5Data(1)\Track5Data\official_demo_validation\fake\Advanced\DALLE3\dalle3\2023110215025084768300d30fc34f\af2c2873995e0e86a0840f1027a8e698.jpg,DALLE_Advanced,fake,1,1024,1024,0.02926880121231079,0.55657113,0,real,0,false_negative,496
baseline2_njr,E:\TikTokTechJam\Track5Data(1)\Track5Data\official_demo_validation\fake\Advanced\DALLE3\dalle3\20231103102150b17aad067ad7e034\af2c2873995e0e86a0840f1027a8e698.jpg,DALLE_Advanced,fake,1,1024,1024,0.02926880121231079,0.55657113,0,real,0,false_negative,497
baseline2_njr,E:\TikTokTechJam\Track5Data(1)\Track5Data\official_demo_validation\fake\Advanced\DALLE3\dalle3\202311070924598319e76b1a88ba6c\af2c2873995e0e86a0840f1027a8e698.jpg,DALLE_Advanced,fake,1,1024,1024,0.02926880121231079,0.55657113,0,real,0,false_negative,498
baseline2_njr,E:\TikTokTechJam\Track5Data(1)\Track5Data\official_demo_validation\fake\Advanced\DALLE3\dalle3\20231102143933b82206831d45b85d\ed100fb165aa1ef37ba8ffdf01ec91c7.jpg,DALLE_Advanced,fake,1,1792,1024,0.03089209273457527,0.55657113,0,real,0,false_negative,499
baseline2_njr,E:\TikTokTechJam\Track5Data(1)\Track5Data\official_demo_validation\fake\Advanced\DALLE3\dalle3\2023110215025084768300d30fc34f\ed100fb165aa1ef37ba8ffdf01ec91c7.jpg,DALLE_Advanced,fake,1,1792,1024,0.03089209273457527,0.55657113,0,real,0,false_negative,500
baseline2_njr,E:\TikTokTechJam\Track5Data(1)\Track5Data\official_demo_validation\fake\Advanced\DALLE3\dalle3\20231103102150b17aad067ad7e034\ed100fb165aa1ef37ba8ffdf01ec91c7.jpg,DALLE_Advanced,fake,1,1792,1024,0.03089209273457527,0.55657113,0,real,0,false_negative,501
baseline2_njr,E:\TikTokTechJam\Track5Data(1)\Track5Data\official_demo_validation\fake\Advanced\DALLE3\dalle3\202311070924598319e76b1a88ba6c\ed100fb165aa1ef37ba8ffdf01ec91c7.jpg,DALLE_Advanced,fake,1,1792,1024,0.03089209273457527,0.55657113,0,real,0,false_negative,502
baseline2_njr,E:\TikTokTechJam\Track5Data(1)\Track5Data\official_demo_validation\fake\Advanced\DALLE3\dalle3\202311011943129901ca391019566e\17d3c25db1e85811c32d9077a57f6eb2.jpg,DALLE_Advanced,fake,1,1024,1024,0.03147656470537186,0.55657113,0,real,0,false_negative,503
baseline2_njr,E:\TikTokTechJam\Track5Data(1)\Track5Data\official_demo_validation\fake\Advanced\DALLE3\dalle3\20231102143933b82206831d45b85d\f566c976fd613c6ae143ce2dc8a67403.jpg,DALLE_Advanced,fake,1,1792,1024,0.032480739057064056,0.55657113,0,real,0,false_negative,504
baseline2_njr,E:\TikTokTechJam\Track5Data(1)\Track5Data\official_demo_validation\fake\Advanced\DALLE3\dalle3\2023110215025084768300d30fc34f\f566c976fd613c6ae143ce2dc8a67403.jpg,DALLE_Advanced,fake,1,1792,1024,0.032480739057064056,0.55657113,0,real,0,false_negative,505
baseline2_njr,E:\TikTokTechJam\Track5Data(1)\Track5Data\official_demo_validation\fake\Advanced\DALLE3\dalle3\20231103102150b17aad067ad7e034\f566c976fd613c6ae143ce2dc8a67403.jpg,DALLE_Advanced,fake,1,1792,1024,0.032480739057064056,0.55657113,0,real,0,false_negative,506
baseline2_njr,E:\TikTokTechJam\Track5Data(1)\Track5Data\official_demo_validation\fake\Advanced\DALLE3\dalle3\202311070924598319e76b1a88ba6c\f566c976fd613c6ae143ce2dc8a67403.jpg,DALLE_Advanced,fake,1,1792,1024,0.032480739057064056,0.55657113,0,real,0,false_negative,507
baseline2_njr,E:\TikTokTechJam\Track5Data(1)\Track5Data\official_demo_validation\fake\Advanced\DALLE3\dalle3\202311011943129901ca391019566e\ff071ab0d10f6e8449815d29ac30773b.jpg,DALLE_Advanced,fake,1,1024,1024,0.033623531460762024,0.55657113,0,real,0,false_negative,508
baseline2_njr,E:\TikTokTechJam\Track5Data(1)\Track5Data\official_demo_validation\fake\Advanced\DALLE3\dalle3\202311011943129901ca391019566e\c7a763659aa59e2cdcc0db2c6eae0a18.jpg,DALLE_Advanced,fake,1,1024,1024,0.03425430878996849,0.55657113,0,real,0,false_negative,509
baseline2_njr,E:\TikTokTechJam\Track5Data(1)\Track5Data\official_demo_validation\fake\Advanced\DALLE3\dalle3\202311011943129901ca391019566e\d65979774858a16e313f2e966bd6317a.jpg,DALLE_Advanced,fake,1,1024,1024,0.03728913888335228,0.55657113,0,real,0,false_negative,510
baseline2_njr,E:\TikTokTechJam\Track5Data(1)\Track5Data\official_demo_validation\fake\Advanced\DALLE3\dalle3\20231102143933b82206831d45b85d\a8c5a551772ab1914bd47e656fd5f804.jpg,DALLE_Advanced,fake,1,1024,1024,0.03732219338417053,0.55657113,0,real,0,false_negative,511
baseline2_njr,E:\TikTokTechJam\Track5Data(1)\Track5Data\official_demo_validation\fake\Advanced\DALLE3\dalle3\2023110215025084768300d30fc34f\a8c5a551772ab1914bd47e656fd5f804.jpg,DALLE_Advanced,fake,1,1024,1024,0.03732219338417053,0.55657113,0,real,0,false_negative,512
baseline2_njr,E:\TikTokTechJam\Track5Data(1)\Track5Data\official_demo_validation\fake\Advanced\DALLE3\dalle3\202311070924598319e76b1a88ba6c\a8c5a551772ab1914bd47e656fd5f804.jpg,DALLE_Advanced,fake,1,1024,1024,0.03732219338417053,0.55657113,0,real,0,false_negative,513
baseline2_njr,E:\TikTokTechJam\Track5Data(1)\Track5Data\official_demo_validation\fake\Advanced\DALLE3\dalle3\20231102143933b82206831d45b85d\8ebe8cb227941ab4ccc6973928fa8452.jpg,DALLE_Advanced,fake,1,1024,1024,0.038551509380340576,0.55657113,0,real,0,false_negative,514
baseline2_njr,E:\TikTokTechJam\Track5Data(1)\Track5Data\official_demo_validation\fake\Advanced\DALLE3\dalle3\2023110215025084768300d30fc34f\8ebe8cb227941ab4ccc6973928fa8452.jpg,DALLE_Advanced,fake,1,1024,1024,0.038551509380340576,0.55657113,0,real,0,false_negative,515
baseline2_njr,E:\TikTokTechJam\Track5Data(1)\Track5Data\official_demo_validation\fake\Advanced\DALLE3\dalle3\20231103102150b17aad067ad7e034\8ebe8cb227941ab4ccc6973928fa8452.jpg,DALLE_Advanced,fake,1,1024,1024,0.038551509380340576,0.55657113,0,real,0,false_negative,516
baseline2_njr,E:\TikTokTechJam\Track5Data(1)\Track5Data\official_demo_validation\fake\Advanced\DALLE3\dalle3\202311070924598319e76b1a88ba6c\8ebe8cb227941ab4ccc6973928fa8452.jpg,DALLE_Advanced,fake,1,1024,1024,0.038551509380340576,0.55657113,0,real,0,false_negative,517
baseline2_njr,E:\TikTokTechJam\Track5Data(1)\Track5Data\official_demo_validation\fake\Advanced\DALLE3\dalle3\20231103102150b17aad067ad7e034\bb4d0b5572d4e8e80f66b4002fdf42c9.jpg,DALLE_Advanced,fake,1,1024,1024,0.03964542970061302,0.55657113,0,real,0,false_negative,518
baseline2_njr,E:\TikTokTechJam\Track5Data(1)\Track5Data\official_demo_validation\fake\Advanced\DALLE3\dalle3\202311011943129901ca391019566e\647e2179ca1d41cfbb3c3845cc945e19.jpg,DALLE_Advanced,fake,1,1024,1024,0.03985854238271713,0.55657113,0,real,0,false_negative,519
baseline2_njr,E:\TikTokTechJam\Track5Data(1)\Track5Data\official_demo_validation\fake\Advanced\DALLE3\dalle3\202311011943129901ca391019566e\24520f53b41d702cb03d64cbbad917d0.jpg,DALLE_Advanced,fake,1,1792,1024,0.03991459310054779,0.55657113,0,real,0,false_negative,520
baseline2_njr,E:\TikTokTechJam\Track5Data(1)\Track5Data\official_demo_validation\fake\Advanced\DALLE3\dalle3\202311011943129901ca391019566e\1645a93cc6285586ac2bab5006867a75.jpg,DALLE_Advanced,fake,1,1024,1024,0.04006200656294823,0.55657113,0,real,0,false_negative,521
baseline2_njr,E:\TikTokTechJam\Track5Data(1)\Track5Data\official_demo_validation\fake\Advanced\DALLE3\dalle3\202311011943129901ca391019566e\ce9abada7be25c701656446e8dd39eb5.jpg,DALLE_Advanced,fake,1,1024,1024,0.04038521647453308,0.55657113,0,real,0,false_negative,522
baseline2_njr,E:\TikTokTechJam\Track5Data(1)\Track5Data\official_demo_validation\fake\Advanced\DALLE3\dalle3\202311011943129901ca391019566e\8378d3a30e02dc5a6a132b827c50d3ea.jpg,DALLE_Advanced,fake,1,1024,1024,0.04238292947411537,0.55657113,0,real,0,false_negative,523
baseline2_njr,E:\TikTokTechJam\Track5Data(1)\Track5Data\official_demo_validation\fake\Advanced\DALLE3\dalle3\20231102143933b82206831d45b85d\b44bf0a8fe46b50dce2d5de186ce4d7b.jpg,DALLE_Advanced,fake,1,1792,1024,0.04247823357582092,0.55657113,0,real,0,false_negative,524
baseline2_njr,E:\TikTokTechJam\Track5Data(1)\Track5Data\official_demo_validation\fake\Advanced\DALLE3\dalle3\2023110215025084768300d30fc34f\b44bf0a8fe46b50dce2d5de186ce4d7b.jpg,DALLE_Advanced,fake,1,1792,1024,0.04247823357582092,0.55657113,0,real,0,false_negative,525
baseline2_njr,E:\TikTokTechJam\Track5Data(1)\Track5Data\official_demo_validation\fake\Advanced\DALLE3\dalle3\202311011943129901ca391019566e\f5c97632a55f65a3a18a83bb8298c59d.jpg,DALLE_Advanced,fake,1,1024,1024,0.04402075707912445,0.55657113,0,real,0,false_negative,526
baseline2_njr,E:\TikTokTechJam\Track5Data(1)\Track5Data\official_demo_validation\fake\Advanced\DALLE3\dalle3\20231102143933b82206831d45b85d\16cf06ed330992164d35d3cba614f5bd.jpg,DALLE_Advanced,fake,1,1024,1024,0.044088274240493774,0.55657113,0,real,0,false_negative,527
baseline2_njr,E:\TikTokTechJam\Track5Data(1)\Track5Data\official_demo_validation\fake\Advanced\DALLE3\dalle3\2023110215025084768300d30fc34f\16cf06ed330992164d35d3cba614f5bd.jpg,DALLE_Advanced,fake,1,1024,1024,0.044088274240493774,0.55657113,0,real,0,false_negative,528
baseline2_njr,E:\TikTokTechJam\Track5Data(1)\Track5Data\official_demo_validation\fake\Advanced\DALLE3\dalle3\20231103102150b17aad067ad7e034\16cf06ed330992164d35d3cba614f5bd.jpg,DALLE_Advanced,fake,1,1024,1024,0.044088274240493774,0.55657113,0,real,0,false_negative,529
baseline2_njr,E:\TikTokTechJam\Track5Data(1)\Track5Data\official_demo_validation\fake\Advanced\DALLE3\dalle3\202311070924598319e76b1a88ba6c\16cf06ed330992164d35d3cba614f5bd.jpg,DALLE_Advanced,fake,1,1024,1024,0.044088274240493774,0.55657113,0,real,0,false_negative,530
baseline2_njr,E:\TikTokTechJam\Track5Data(1)\Track5Data\official_demo_validation\fake\Advanced\DALLE3\dalle3\20231102143933b82206831d45b85d\95bed1c53c85e1ed94760e37a3f3e277.jpg,DALLE_Advanced,fake,1,1024,1024,0.04416650906205177,0.55657113,0,real,0,false_negative,531
baseline2_njr,E:\TikTokTechJam\Track5Data(1)\Track5Data\official_demo_validation\fake\Advanced\DALLE3\dalle3\2023110215025084768300d30fc34f\95bed1c53c85e1ed94760e37a3f3e277.jpg,DALLE_Advanced,fake,1,1024,1024,0.04416650906205177,0.55657113,0,real,0,false_negative,532
baseline2_njr,E:\TikTokTechJam\Track5Data(1)\Track5Data\official_demo_validation\fake\Advanced\DALLE3\dalle3\20231103102150b17aad067ad7e034\95bed1c53c85e1ed94760e37a3f3e277.jpg,DALLE_Advanced,fake,1,1024,1024,0.04416650906205177,0.55657113,0,real,0,false_negative,533
baseline2_njr,E:\TikTokTechJam\Track5Data(1)\Track5Data\official_demo_validation\fake\Advanced\DALLE3\dalle3\202311070924598319e76b1a88ba6c\95bed1c53c85e1ed94760e37a3f3e277.jpg,DALLE_Advanced,fake,1,1024,1024,0.04416650906205177,0.55657113,0,real,0,false_negative,534
baseline2_njr,E:\TikTokTechJam\Track5Data(1)\Track5Data\official_demo_validation\fake\Advanced\DALLE3\dalle3\202311011943129901ca391019566e\5f82c3bfd890b89e21f5ac3eaddd4511.jpg,DALLE_Advanced,fake,1,1024,1024,0.04427364468574524,0.55657113,0,real,0,false_negative,535
baseline2_njr,E:\TikTokTechJam\Track5Data(1)\Track5Data\official_demo_validation\fake\Advanced\DALLE3\dalle3\20231102143933b82206831d45b85d\f219c585bd5ad7784626c0e6a2e5e06f.jpg,DALLE_Advanced,fake,1,1024,1024,0.04664717614650726,0.55657113,0,real,0,false_negative,536
baseline2_njr,E:\TikTokTechJam\Track5Data(1)\Track5Data\official_demo_validation\fake\Advanced\DALLE3\dalle3\2023110215025084768300d30fc34f\f219c585bd5ad7784626c0e6a2e5e06f.jpg,DALLE_Advanced,fake,1,1024,1024,0.04664717614650726,0.55657113,0,real,0,false_negative,537
baseline2_njr,E:\TikTokTechJam\Track5Data(1)\Track5Data\official_demo_validation\fake\Advanced\DALLE3\dalle3\202311070924598319e76b1a88ba6c\f219c585bd5ad7784626c0e6a2e5e06f.jpg,DALLE_Advanced,fake,1,1024,1024,0.04664717614650726,0.55657113,0,real,0,false_negative,538
baseline2_njr,E:\TikTokTechJam\Track5Data(1)\Track5Data\official_demo_validation\fake\Advanced\DALLE3\dalle3\202311011943129901ca391019566e\31fd1f9fbaaf9a21a31ed7d9079b809b.jpg,DALLE_Advanced,fake,1,1024,1024,0.04684941843152046,0.55657113,0,real,0,false_negative,539
baseline2_njr,E:\TikTokTechJam\Track5Data(1)\Track5Data\official_demo_validation\fake\Advanced\DALLE3\dalle3\20231102143933b82206831d45b85d\2d484e8133a15c36092f0d12d700c0a7.jpg,DALLE_Advanced,fake,1,1024,1024,0.04790882766246796,0.55657113,0,real,0,false_negative,540
baseline2_njr,E:\TikTokTechJam\Track5Data(1)\Track5Data\official_demo_validation\fake\Advanced\DALLE3\dalle3\2023110215025084768300d30fc34f\2d484e8133a15c36092f0d12d700c0a7.jpg,DALLE_Advanced,fake,1,1024,1024,0.04790882766246796,0.55657113,0,real,0,false_negative,541
baseline2_njr,E:\TikTokTechJam\Track5Data(1)\Track5Data\official_demo_validation\fake\Advanced\DALLE3\dalle3\20231103102150b17aad067ad7e034\2d484e8133a15c36092f0d12d700c0a7.jpg,DALLE_Advanced,fake,1,1024,1024,0.04790882766246796,0.55657113,0,real,0,false_negative,542
baseline2_njr,E:\TikTokTechJam\Track5Data(1)\Track5Data\official_demo_validation\fake\Advanced\DALLE3\dalle3\202311070924598319e76b1a88ba6c\2d484e8133a15c36092f0d12d700c0a7.jpg,DALLE_Advanced,fake,1,1024,1024,0.04790882766246796,0.55657113,0,real,0,false_negative,543
baseline2_njr,E:\TikTokTechJam\Track5Data(1)\Track5Data\official_demo_validation\fake\Advanced\DALLE3\dalle3\20231102143933b82206831d45b85d\678f96afc0a2ddf1f29303ccbecf49f0.jpg,DALLE_Advanced,fake,1,1792,1024,0.047909729182720184,0.55657113,0,real,0,false_negative,544
baseline2_njr,E:\TikTokTechJam\Track5Data(1)\Track5Data\official_demo_validation\fake\Advanced\DALLE3\dalle3\2023110215025084768300d30fc34f\678f96afc0a2ddf1f29303ccbecf49f0.jpg,DALLE_Advanced,fake,1,1792,1024,0.047909729182720184,0.55657113,0,real,0,false_negative,545
baseline2_njr,E:\TikTokTechJam\Track5Data(1)\Track5Data\official_demo_validation\fake\Advanced\DALLE3\dalle3\20231103102150b17aad067ad7e034\678f96afc0a2ddf1f29303ccbecf49f0.jpg,DALLE_Advanced,fake,1,1792,1024,0.047909729182720184,0.55657113,0,real,0,false_negative,546
baseline2_njr,E:\TikTokTechJam\Track5Data(1)\Track5Data\official_demo_validation\fake\Advanced\DALLE3\dalle3\202311070924598319e76b1a88ba6c\678f96afc0a2ddf1f29303ccbecf49f0.jpg,DALLE_Advanced,fake,1,1792,1024,0.047909729182720184,0.55657113,0,real,0,false_negative,547
baseline2_njr,E:\TikTokTechJam\Track5Data(1)\Track5Data\official_demo_validation\fake\Advanced\DALLE3\dalle3\202311011943129901ca391019566e\c0c77699f7da1e1cfd494c2b885c22a0.jpg,DALLE_Advanced,fake,1,1024,1024,0.04899841174483299,0.55657113,0,real,0,false_negative,548
baseline2_njr,E:\TikTokTechJam\Track5Data(1)\Track5Data\official_demo_validation\fake\Advanced\DALLE3\dalle3\20231102143933b82206831d45b85d\11cee80988ad427be1667f495d73a855.jpg,DALLE_Advanced,fake,1,1792,1024,0.050032198429107666,0.55657113,0,real,0,false_negative,549
baseline2_njr,E:\TikTokTechJam\Track5Data(1)\Track5Data\official_demo_validation\fake\Advanced\DALLE3\dalle3\2023110215025084768300d30fc34f\11cee80988ad427be1667f495d73a855.jpg,DALLE_Advanced,fake,1,1792,1024,0.050032198429107666,0.55657113,0,real,0,false_negative,550
baseline2_njr,E:\TikTokTechJam\Track5Data(1)\Track5Data\official_demo_validation\fake\Advanced\DALLE3\dalle3\20231103102150b17aad067ad7e034\11cee80988ad427be1667f495d73a855.jpg,DALLE_Advanced,fake,1,1792,1024,0.050032198429107666,0.55657113,0,real,0,false_negative,551
baseline2_njr,E:\TikTokTechJam\Track5Data(1)\Track5Data\official_demo_validation\fake\Advanced\DALLE3\dalle3\202311070924598319e76b1a88ba6c\11cee80988ad427be1667f495d73a855.jpg,DALLE_Advanced,fake,1,1792,1024,0.050032198429107666,0.55657113,0,real,0,false_negative,552
baseline2_njr,E:\TikTokTechJam\Track5Data(1)\Track5Data\official_demo_validation\fake\Advanced\DALLE3\dalle3\202311011943129901ca391019566e\bdae0e10969ab4ac57464c8b3e2c8048.jpg,DALLE_Advanced,fake,1,1024,1024,0.05112398788332939,0.55657113,0,real,0,false_negative,553
baseline2_njr,E:\TikTokTechJam\Track5Data(1)\Track5Data\official_demo_validation\fake\Advanced\DALLE3\dalle3\20231102143933b82206831d45b85d\86dce1ea7c7b9eb62380a4561d16252d.jpg,DALLE_Advanced,fake,1,1024,1024,0.05181628093123436,0.55657113,0,real,0,false_negative,554
baseline2_njr,E:\TikTokTechJam\Track5Data(1)\Track5Data\official_demo_validation\fake\Advanced\DALLE3\dalle3\2023110215025084768300d30fc34f\86dce1ea7c7b9eb62380a4561d16252d.jpg,DALLE_Advanced,fake,1,1024,1024,0.05181628093123436,0.55657113,0,real,0,false_negative,555
baseline2_njr,E:\TikTokTechJam\Track5Data(1)\Track5Data\official_demo_validation\fake\Advanced\DALLE3\dalle3\20231103102150b17aad067ad7e034\86dce1ea7c7b9eb62380a4561d16252d.jpg,DALLE_Advanced,fake,1,1024,1024,0.05181628093123436,0.55657113,0,real,0,false_negative,556
baseline2_njr,E:\TikTokTechJam\Track5Data(1)\Track5Data\official_demo_validation\fake\Advanced\DALLE3\dalle3\202311070924598319e76b1a88ba6c\86dce1ea7c7b9eb62380a4561d16252d.jpg,DALLE_Advanced,fake,1,1024,1024,0.05181628093123436,0.55657113,0,real,0,false_negative,557
baseline2_njr,E:\TikTokTechJam\Track5Data(1)\Track5Data\official_demo_validation\fake\Advanced\DALLE3\dalle3\202311011943129901ca391019566e\cafb4204fff1e3a823eb7d33ccbc309b.jpg,DALLE_Advanced,fake,1,1792,1024,0.05208246782422066,0.55657113,0,real,0,false_negative,558
baseline2_njr,E:\TikTokTechJam\Track5Data(1)\Track5Data\official_demo_validation\fake\Advanced\DALLE3\dalle3\202311070924598319e76b1a88ba6c\c5097ad662b67c9af001724e3a102d3c.jpg,DALLE_Advanced,fake,1,1024,1024,0.052735477685928345,0.55657113,0,real,0,false_negative,559
baseline2_njr,E:\TikTokTechJam\Track5Data(1)\Track5Data\official_demo_validation\fake\Advanced\DALLE3\dalle3\20231102143933b82206831d45b85d\4a829629a13a99cb0ffec7160306c753.jpg,DALLE_Advanced,fake,1,1024,1024,0.055837471038103104,0.55657113,0,real,0,false_negative,560
baseline2_njr,E:\TikTokTechJam\Track5Data(1)\Track5Data\official_demo_validation\fake\Advanced\DALLE3\dalle3\2023110215025084768300d30fc34f\4a829629a13a99cb0ffec7160306c753.jpg,DALLE_Advanced,fake,1,1024,1024,0.055837471038103104,0.55657113,0,real,0,false_negative,561
baseline2_njr,E:\TikTokTechJam\Track5Data(1)\Track5Data\official_demo_validation\fake\Advanced\DALLE3\dalle3\20231103102150b17aad067ad7e034\4a829629a13a99cb0ffec7160306c753.jpg,DALLE_Advanced,fake,1,1024,1024,0.055837471038103104,0.55657113,0,real,0,false_negative,562
baseline2_njr,E:\TikTokTechJam\Track5Data(1)\Track5Data\official_demo_validation\fake\Advanced\DALLE3\dalle3\202311070924598319e76b1a88ba6c\4a829629a13a99cb0ffec7160306c753.jpg,DALLE_Advanced,fake,1,1024,1024,0.055837471038103104,0.55657113,0,real,0,false_negative,563
baseline2_njr,E:\TikTokTechJam\Track5Data(1)\Track5Data\official_demo_validation\fake\Advanced\DALLE3\dalle3\202311011943129901ca391019566e\3fee7ce7157ed337574b8f427512735e.jpg,DALLE_Advanced,fake,1,1024,1024,0.05608637258410454,0.55657113,0,real,0,false_negative,564
baseline2_njr,E:\TikTokTechJam\Track5Data(1)\Track5Data\official_demo_validation\fake\Advanced\DALLE3\dalle3\20231102143933b82206831d45b85d\e499a8596bf4340a9dcd84b4b524d11b.jpg,DALLE_Advanced,fake,1,1024,1024,0.056117571890354156,0.55657113,0,real,0,false_negative,565
baseline2_njr,E:\TikTokTechJam\Track5Data(1)\Track5Data\official_demo_validation\fake\Advanced\DALLE3\dalle3\2023110215025084768300d30fc34f\e499a8596bf4340a9dcd84b4b524d11b.jpg,DALLE_Advanced,fake,1,1024,1024,0.056117571890354156,0.55657113,0,real,0,false_negative,566
baseline2_njr,E:\TikTokTechJam\Track5Data(1)\Track5Data\official_demo_validation\fake\Advanced\DALLE3\dalle3\20231103102150b17aad067ad7e034\e499a8596bf4340a9dcd84b4b524d11b.jpg,DALLE_Advanced,fake,1,1024,1024,0.056117571890354156,0.55657113,0,real,0,false_negative,567
baseline2_njr,E:\TikTokTechJam\Track5Data(1)\Track5Data\official_demo_validation\fake\Advanced\DALLE3\dalle3\202311070924598319e76b1a88ba6c\e499a8596bf4340a9dcd84b4b524d11b.jpg,DALLE_Advanced,fake,1,1024,1024,0.056117571890354156,0.55657113,0,real,0,false_negative,568
baseline2_njr,E:\TikTokTechJam\Track5Data(1)\Track5Data\official_demo_validation\fake\Advanced\DALLE3\dalle3\202311070924598319e76b1a88ba6c\4033f2085fbedbe3a3d19fea2651829e.jpg,DALLE_Advanced,fake,1,1024,1024,0.056277867406606674,0.55657113,0,real,0,false_negative,569
baseline2_njr,E:\TikTokTechJam\Track5Data(1)\Track5Data\official_demo_validation\fake\Advanced\DALLE3\dalle3\20231102143933b82206831d45b85d\c885d94922d231ac690c38cbc83542fe.jpg,DALLE_Advanced,fake,1,1024,1024,0.05635520815849304,0.55657113,0,real,0,false_negative,570
baseline2_njr,E:\TikTokTechJam\Track5Data(1)\Track5Data\official_demo_validation\fake\Advanced\DALLE3\dalle3\2023110215025084768300d30fc34f\c885d94922d231ac690c38cbc83542fe.jpg,DALLE_Advanced,fake,1,1024,1024,0.05635520815849304,0.55657113,0,real,0,false_negative,571
baseline2_njr,E:\TikTokTechJam\Track5Data(1)\Track5Data\official_demo_validation\fake\Advanced\DALLE3\dalle3\20231103102150b17aad067ad7e034\c885d94922d231ac690c38cbc83542fe.jpg,DALLE_Advanced,fake,1,1024,1024,0.05635520815849304,0.55657113,0,real,0,false_negative,572
baseline2_njr,E:\TikTokTechJam\Track5Data(1)\Track5Data\official_demo_validation\fake\Advanced\DALLE3\dalle3\202311070924598319e76b1a88ba6c\c885d94922d231ac690c38cbc83542fe.jpg,DALLE_Advanced,fake,1,1024,1024,0.05635520815849304,0.55657113,0,real,0,false_negative,573
baseline2_njr,E:\TikTokTechJam\Track5Data(1)\Track5Data\official_demo_validation\fake\Advanced\DALLE3\dalle3\202311011943129901ca391019566e\3f26607f332483551b724f82a14d800b.jpg,DALLE_Advanced,fake,1,1024,1024,0.057912204414606094,0.55657113,0,real,0,false_negative,574
baseline2_njr,E:\TikTokTechJam\Track5Data(1)\Track5Data\official_demo_validation\fake\Advanced\DALLE3\dalle3\20231102143933b82206831d45b85d\5aa717f336eaae2bb5d2d84a481a87b1.jpg,DALLE_Advanced,fake,1,1024,1024,0.06101054325699806,0.55657113,0,real,0,false_negative,575
baseline2_njr,E:\TikTokTechJam\Track5Data(1)\Track5Data\official_demo_validation\fake\Advanced\DALLE3\dalle3\2023110215025084768300d30fc34f\5aa717f336eaae2bb5d2d84a481a87b1.jpg,DALLE_Advanced,fake,1,1024,1024,0.06101054325699806,0.55657113,0,real,0,false_negative,576
baseline2_njr,E:\TikTokTechJam\Track5Data(1)\Track5Data\official_demo_validation\fake\Advanced\DALLE3\dalle3\20231103102150b17aad067ad7e034\5aa717f336eaae2bb5d2d84a481a87b1.jpg,DALLE_Advanced,fake,1,1024,1024,0.06101054325699806,0.55657113,0,real,0,false_negative,577
baseline2_njr,E:\TikTokTechJam\Track5Data(1)\Track5Data\official_demo_validation\fake\Advanced\DALLE3\dalle3\202311070924598319e76b1a88ba6c\5aa717f336eaae2bb5d2d84a481a87b1.jpg,DALLE_Advanced,fake,1,1024,1024,0.06101054325699806,0.55657113,0,real,0,false_negative,578
baseline2_njr,E:\TikTokTechJam\Track5Data(1)\Track5Data\official_demo_validation\fake\Advanced\DALLE3\dalle3\202311011943129901ca391019566e\12199fc91d9b85047a0ea8b162a31ee7.jpg,DALLE_Advanced,fake,1,1024,1024,0.0622222013771534,0.55657113,0,real,0,false_negative,579
baseline2_njr,E:\TikTokTechJam\Track5Data(1)\Track5Data\official_demo_validation\fake\Advanced\DALLE3\dalle3\202311011943129901ca391019566e\705760f5811a776cbd19aaeb2b969c0b.jpg,DALLE_Advanced,fake,1,1024,1024,0.06429658085107803,0.55657113,0,real,0,false_negative,580
baseline2_njr,E:\TikTokTechJam\Track5Data(1)\Track5Data\official_demo_validation\fake\Advanced\DALLE3\dalle3\20231102143933b82206831d45b85d\699624ff84594d6006a28a4f73131bb1.jpg,DALLE_Advanced,fake,1,1024,1024,0.06551884859800339,0.55657113,0,real,0,false_negative,581
baseline2_njr,E:\TikTokTechJam\Track5Data(1)\Track5Data\official_demo_validation\fake\Advanced\DALLE3\dalle3\2023110215025084768300d30fc34f\699624ff84594d6006a28a4f73131bb1.jpg,DALLE_Advanced,fake,1,1024,1024,0.06551884859800339,0.55657113,0,real,0,false_negative,582
baseline2_njr,E:\TikTokTechJam\Track5Data(1)\Track5Data\official_demo_validation\fake\Advanced\DALLE3\dalle3\20231103102150b17aad067ad7e034\699624ff84594d6006a28a4f73131bb1.jpg,DALLE_Advanced,fake,1,1024,1024,0.06551884859800339,0.55657113,0,real,0,false_negative,583
baseline2_njr,E:\TikTokTechJam\Track5Data(1)\Track5Data\official_demo_validation\fake\Advanced\DALLE3\dalle3\202311070924598319e76b1a88ba6c\699624ff84594d6006a28a4f73131bb1.jpg,DALLE_Advanced,fake,1,1024,1024,0.06551884859800339,0.55657113,0,real,0,false_negative,584
baseline2_njr,E:\TikTokTechJam\Track5Data(1)\Track5Data\official_demo_validation\fake\Advanced\DALLE3\dalle3\20231102143933b82206831d45b85d\64f79e568ceaea646651ed2aa4ebc124.jpg,DALLE_Advanced,fake,1,1024,1024,0.06629126518964767,0.55657113,0,real,0,false_negative,585
baseline2_njr,E:\TikTokTechJam\Track5Data(1)\Track5Data\official_demo_validation\fake\Advanced\DALLE3\dalle3\2023110215025084768300d30fc34f\64f79e568ceaea646651ed2aa4ebc124.jpg,DALLE_Advanced,fake,1,1024,1024,0.06629126518964767,0.55657113,0,real,0,false_negative,586
baseline2_njr,E:\TikTokTechJam\Track5Data(1)\Track5Data\official_demo_validation\fake\Advanced\DALLE3\dalle3\202311070924598319e76b1a88ba6c\64f79e568ceaea646651ed2aa4ebc124.jpg,DALLE_Advanced,fake,1,1024,1024,0.06629126518964767,0.55657113,0,real,0,false_negative,587
baseline2_njr,E:\TikTokTechJam\Track5Data(1)\Track5Data\official_demo_validation\fake\Advanced\DALLE3\dalle3\20231102143933b82206831d45b85d\ac94946a56212d9c5cdfa0efd8b53aef.jpg,DALLE_Advanced,fake,1,1024,1024,0.06646609306335449,0.55657113,0,real,0,false_negative,588
baseline2_njr,E:\TikTokTechJam\Track5Data(1)\Track5Data\official_demo_validation\fake\Advanced\DALLE3\dalle3\2023110215025084768300d30fc34f\ac94946a56212d9c5cdfa0efd8b53aef.jpg,DALLE_Advanced,fake,1,1024,1024,0.06646609306335449,0.55657113,0,real,0,false_negative,589
baseline2_njr,E:\TikTokTechJam\Track5Data(1)\Track5Data\official_demo_validation\fake\Advanced\DALLE3\dalle3\20231103102150b17aad067ad7e034\ac94946a56212d9c5cdfa0efd8b53aef.jpg,DALLE_Advanced,fake,1,1024,1024,0.06646609306335449,0.55657113,0,real,0,false_negative,590
baseline2_njr,E:\TikTokTechJam\Track5Data(1)\Track5Data\official_demo_validation\fake\Advanced\DALLE3\dalle3\202311070924598319e76b1a88ba6c\ac94946a56212d9c5cdfa0efd8b53aef.jpg,DALLE_Advanced,fake,1,1024,1024,0.06646609306335449,0.55657113,0,real,0,false_negative,591
baseline2_njr,E:\TikTokTechJam\Track5Data(1)\Track5Data\official_demo_validation\fake\Advanced\DALLE3\dalle3\202311011943129901ca391019566e\9f027d697e801b6589d6e5a2e3e262f2.jpg,DALLE_Advanced,fake,1,1024,1024,0.06750234216451645,0.55657113,0,real,0,false_negative,592
baseline2_njr,E:\TikTokTechJam\Track5Data(1)\Track5Data\official_demo_validation\fake\Advanced\DALLE3\dalle3\202311011943129901ca391019566e\c3fa0d29749097c783a03edf7b24ed92.jpg,DALLE_Advanced,fake,1,1024,1024,0.06769385188817978,0.55657113,0,real,0,false_negative,593
baseline2_njr,E:\TikTokTechJam\Track5Data(1)\Track5Data\official_demo_validation\fake\Advanced\DALLE3\dalle3\202311011943129901ca391019566e\ad5eacf37dd82c8d66e170e8b23dbb56.jpg,DALLE_Advanced,fake,1,1024,1024,0.06785186380147934,0.55657113,0,real,0,false_negative,594
baseline2_njr,E:\TikTokTechJam\Track5Data(1)\Track5Data\official_demo_validation\fake\Advanced\DALLE3\dalle3\20231102143933b82206831d45b85d\69324fceed8f4246b88787d1931ce66a.jpg,DALLE_Advanced,fake,1,1024,1024,0.06904396414756775,0.55657113,0,real,0,false_negative,595
baseline2_njr,E:\TikTokTechJam\Track5Data(1)\Track5Data\official_demo_validation\fake\Advanced\DALLE3\dalle3\2023110215025084768300d30fc34f\69324fceed8f4246b88787d1931ce66a.jpg,DALLE_Advanced,fake,1,1024,1024,0.06904396414756775,0.55657113,0,real,0,false_negative,596
baseline2_njr,E:\TikTokTechJam\Track5Data(1)\Track5Data\official_demo_validation\fake\Advanced\DALLE3\dalle3\202311070924598319e76b1a88ba6c\69324fceed8f4246b88787d1931ce66a.jpg,DALLE_Advanced,fake,1,1024,1024,0.06904396414756775,0.55657113,0,real,0,false_negative,597
baseline2_njr,E:\TikTokTechJam\Track5Data(1)\Track5Data\official_demo_validation\fake\Advanced\DALLE3\dalle3\20231102143933b82206831d45b85d\dae770dc4fddf1e79bd1ce5792f588d6.jpg,DALLE_Advanced,fake,1,1024,1024,0.0719960555434227,0.55657113,0,real,0,false_negative,598
baseline2_njr,E:\TikTokTechJam\Track5Data(1)\Track5Data\official_demo_validation\fake\Advanced\DALLE3\dalle3\2023110215025084768300d30fc34f\dae770dc4fddf1e79bd1ce5792f588d6.jpg,DALLE_Advanced,fake,1,1024,1024,0.0719960555434227,0.55657113,0,real,0,false_negative,599
baseline2_njr,E:\TikTokTechJam\Track5Data(1)\Track5Data\official_demo_validation\fake\Advanced\DALLE3\dalle3\202311070924598319e76b1a88ba6c\dae770dc4fddf1e79bd1ce5792f588d6.jpg,DALLE_Advanced,fake,1,1024,1024,0.0719960555434227,0.55657113,0,real,0,false_negative,600
baseline2_njr,E:\TikTokTechJam\Track5Data(1)\Track5Data\official_demo_validation\fake\Advanced\DALLE3\dalle3\202311011943129901ca391019566e\da90442ab01d2674589833427d478e2d.jpg,DALLE_Advanced,fake,1,1024,1024,0.07206857204437256,0.55657113,0,real,0,false_negative,601
baseline2_njr,E:\TikTokTechJam\Track5Data(1)\Track5Data\official_demo_validation\fake\Advanced\DALLE3\dalle3\20231102143933b82206831d45b85d\0b5c4f6092c2ff89a3fe55b956071db6.jpg,DALLE_Advanced,fake,1,1024,1024,0.07230666279792786,0.55657113,0,real,0,false_negative,602
baseline2_njr,E:\TikTokTechJam\Track5Data(1)\Track5Data\official_demo_validation\fake\Advanced\DALLE3\dalle3\2023110215025084768300d30fc34f\0b5c4f6092c2ff89a3fe55b956071db6.jpg,DALLE_Advanced,fake,1,1024,1024,0.07230666279792786,0.55657113,0,real,0,false_negative,603
baseline2_njr,E:\TikTokTechJam\Track5Data(1)\Track5Data\official_demo_validation\fake\Advanced\DALLE3\dalle3\202311070924598319e76b1a88ba6c\0b5c4f6092c2ff89a3fe55b956071db6.jpg,DALLE_Advanced,fake,1,1024,1024,0.07230666279792786,0.55657113,0,real,0,false_negative,604
baseline2_njr,E:\TikTokTechJam\Track5Data(1)\Track5Data\official_demo_validation\fake\Advanced\DALLE3\dalle3\20231102143933b82206831d45b85d\52200757a94991539e5d8a706315002d.jpg,DALLE_Advanced,fake,1,1024,1024,0.07246177643537521,0.55657113,0,real,0,false_negative,605
baseline2_njr,E:\TikTokTechJam\Track5Data(1)\Track5Data\official_demo_validation\fake\Advanced\DALLE3\dalle3\2023110215025084768300d30fc34f\52200757a94991539e5d8a706315002d.jpg,DALLE_Advanced,fake,1,1024,1024,0.07246177643537521,0.55657113,0,real,0,false_negative,606
baseline2_njr,E:\TikTokTechJam\Track5Data(1)\Track5Data\official_demo_validation\fake\Advanced\DALLE3\dalle3\20231103102150b17aad067ad7e034\52200757a94991539e5d8a706315002d.jpg,DALLE_Advanced,fake,1,1024,1024,0.07246177643537521,0.55657113,0,real,0,false_negative,607
baseline2_njr,E:\TikTokTechJam\Track5Data(1)\Track5Data\official_demo_validation\fake\Advanced\DALLE3\dalle3\202311070924598319e76b1a88ba6c\52200757a94991539e5d8a706315002d.jpg,DALLE_Advanced,fake,1,1024,1024,0.07246177643537521,0.55657113,0,real,0,false_negative,608
baseline2_njr,E:\TikTokTechJam\Track5Data(1)\Track5Data\official_demo_validation\fake\Advanced\DALLE3\dalle3\20231102143933b82206831d45b85d\4ef14548dadde0c954b4ea45b87ba514.jpg,DALLE_Advanced,fake,1,1024,1024,0.07443336397409439,0.55657113,0,real,0,false_negative,609
baseline2_njr,E:\TikTokTechJam\Track5Data(1)\Track5Data\official_demo_validation\fake\Advanced\DALLE3\dalle3\2023110215025084768300d30fc34f\4ef14548dadde0c954b4ea45b87ba514.jpg,DALLE_Advanced,fake,1,1024,1024,0.07443336397409439,0.55657113,0,real,0,false_negative,610
baseline2_njr,E:\TikTokTechJam\Track5Data(1)\Track5Data\official_demo_validation\fake\Advanced\DALLE3\dalle3\20231103102150b17aad067ad7e034\4ef14548dadde0c954b4ea45b87ba514.jpg,DALLE_Advanced,fake,1,1024,1024,0.07443336397409439,0.55657113,0,real,0,false_negative,611
baseline2_njr,E:\TikTokTechJam\Track5Data(1)\Track5Data\official_demo_validation\fake\Advanced\DALLE3\dalle3\202311070924598319e76b1a88ba6c\4ef14548dadde0c954b4ea45b87ba514.jpg,DALLE_Advanced,fake,1,1024,1024,0.07443336397409439,0.55657113,0,real,0,false_negative,612
baseline2_njr,E:\TikTokTechJam\Track5Data(1)\Track5Data\official_demo_validation\fake\Advanced\DALLE3\dalle3\20231103102150b17aad067ad7e034\e1ead3b33b05b63e82ff72c5eda07789.jpg,DALLE_Advanced,fake,1,1024,1024,0.07507491856813431,0.55657113,0,real,0,false_negative,613
baseline2_njr,E:\TikTokTechJam\Track5Data(1)\Track5Data\official_demo_validation\fake\Advanced\DALLE3\dalle3\20231102143933b82206831d45b85d\c48c39ee10f0f217788020cd710e08ff.jpg,DALLE_Advanced,fake,1,1024,1024,0.07816178351640701,0.55657113,0,real,0,false_negative,614
baseline2_njr,E:\TikTokTechJam\Track5Data(1)\Track5Data\official_demo_validation\fake\Advanced\DALLE3\dalle3\2023110215025084768300d30fc34f\c48c39ee10f0f217788020cd710e08ff.jpg,DALLE_Advanced,fake,1,1024,1024,0.07816178351640701,0.55657113,0,real,0,false_negative,615
baseline2_njr,E:\TikTokTechJam\Track5Data(1)\Track5Data\official_demo_validation\fake\Advanced\DALLE3\dalle3\20231102143933b82206831d45b85d\efa2068cc75434d8447c66106394a0b9.jpg,DALLE_Advanced,fake,1,1024,1024,0.07878794521093369,0.55657113,0,real,0,false_negative,616
baseline2_njr,E:\TikTokTechJam\Track5Data(1)\Track5Data\official_demo_validation\fake\Advanced\DALLE3\dalle3\2023110215025084768300d30fc34f\efa2068cc75434d8447c66106394a0b9.jpg,DALLE_Advanced,fake,1,1024,1024,0.07878794521093369,0.55657113,0,real,0,false_negative,617
baseline2_njr,E:\TikTokTechJam\Track5Data(1)\Track5Data\official_demo_validation\fake\Advanced\DALLE3\dalle3\20231103102150b17aad067ad7e034\efa2068cc75434d8447c66106394a0b9.jpg,DALLE_Advanced,fake,1,1024,1024,0.07878794521093369,0.55657113,0,real,0,false_negative,618
baseline2_njr,E:\TikTokTechJam\Track5Data(1)\Track5Data\official_demo_validation\fake\Advanced\DALLE3\dalle3\202311070924598319e76b1a88ba6c\efa2068cc75434d8447c66106394a0b9.jpg,DALLE_Advanced,fake,1,1024,1024,0.07878794521093369,0.55657113,0,real,0,false_negative,619
baseline2_njr,E:\TikTokTechJam\Track5Data(1)\Track5Data\official_demo_validation\fake\Advanced\DALLE3\dalle3\20231102143933b82206831d45b85d\22d9082e255f2914f2a261331f21af7b.jpg,DALLE_Advanced,fake,1,1024,1024,0.0794982984662056,0.55657113,0,real,0,false_negative,620
baseline2_njr,E:\TikTokTechJam\Track5Data(1)\Track5Data\official_demo_validation\fake\Advanced\DALLE3\dalle3\2023110215025084768300d30fc34f\22d9082e255f2914f2a261331f21af7b.jpg,DALLE_Advanced,fake,1,1024,1024,0.0794982984662056,0.55657113,0,real,0,false_negative,621
baseline2_njr,E:\TikTokTechJam\Track5Data(1)\Track5Data\official_demo_validation\fake\Advanced\DALLE3\dalle3\20231103102150b17aad067ad7e034\22d9082e255f2914f2a261331f21af7b.jpg,DALLE_Advanced,fake,1,1024,1024,0.0794982984662056,0.55657113,0,real,0,false_negative,622
baseline2_njr,E:\TikTokTechJam\Track5Data(1)\Track5Data\official_demo_validation\fake\Advanced\DALLE3\dalle3\202311070924598319e76b1a88ba6c\22d9082e255f2914f2a261331f21af7b.jpg,DALLE_Advanced,fake,1,1024,1024,0.0794982984662056,0.55657113,0,real,0,false_negative,623
baseline2_njr,E:\TikTokTechJam\Track5Data(1)\Track5Data\official_demo_validation\fake\Advanced\DALLE3\dalle3\20231102143933b82206831d45b85d\a75c89f9358514398be5ab8418e97d26.jpg,DALLE_Advanced,fake,1,1792,1024,0.07972465455532074,0.55657113,0,real,0,false_negative,624
baseline2_njr,E:\TikTokTechJam\Track5Data(1)\Track5Data\official_demo_validation\fake\Advanced\DALLE3\dalle3\2023110215025084768300d30fc34f\a75c89f9358514398be5ab8418e97d26.jpg,DALLE_Advanced,fake,1,1792,1024,0.07972465455532074,0.55657113,0,real,0,false_negative,625
baseline2_njr,E:\TikTokTechJam\Track5Data(1)\Track5Data\official_demo_validation\fake\Advanced\DALLE3\dalle3\20231103102150b17aad067ad7e034\a75c89f9358514398be5ab8418e97d26.jpg,DALLE_Advanced,fake,1,1792,1024,0.07972465455532074,0.55657113,0,real,0,false_negative,626
baseline2_njr,E:\TikTokTechJam\Track5Data(1)\Track5Data\official_demo_validation\fake\Advanced\DALLE3\dalle3\202311070924598319e76b1a88ba6c\a75c89f9358514398be5ab8418e97d26.jpg,DALLE_Advanced,fake,1,1792,1024,0.07972465455532074,0.55657113,0,real,0,false_negative,627
baseline2_njr,E:\TikTokTechJam\Track5Data(1)\Track5Data\official_demo_validation\fake\Advanced\DALLE3\dalle3\20231102143933b82206831d45b85d\d4be31fd1443f90ccb0e6936e35f2716.jpg,DALLE_Advanced,fake,1,1792,1024,0.07986440509557724,0.55657113,0,real,0,false_negative,628
baseline2_njr,E:\TikTokTechJam\Track5Data(1)\Track5Data\official_demo_validation\fake\Advanced\DALLE3\dalle3\2023110215025084768300d30fc34f\d4be31fd1443f90ccb0e6936e35f2716.jpg,DALLE_Advanced,fake,1,1792,1024,0.07986440509557724,0.55657113,0,real,0,false_negative,629
baseline2_njr,E:\TikTokTechJam\Track5Data(1)\Track5Data\official_demo_validation\fake\Advanced\DALLE3\dalle3\20231103102150b17aad067ad7e034\d4be31fd1443f90ccb0e6936e35f2716.jpg,DALLE_Advanced,fake,1,1792,1024,0.07986440509557724,0.55657113,0,real,0,false_negative,630
baseline2_njr,E:\TikTokTechJam\Track5Data(1)\Track5Data\official_demo_validation\fake\Advanced\DALLE3\dalle3\202311070924598319e76b1a88ba6c\d4be31fd1443f90ccb0e6936e35f2716.jpg,DALLE_Advanced,fake,1,1792,1024,0.07986440509557724,0.55657113,0,real,0,false_negative,631
baseline2_njr,E:\TikTokTechJam\Track5Data(1)\Track5Data\official_demo_validation\fake\Advanced\DALLE3\dalle3\20231102143933b82206831d45b85d\776b637a59a73d0bf8ec2c17d19e3872.jpg,DALLE_Advanced,fake,1,1024,1024,0.08035144209861755,0.55657113,0,real,0,false_negative,632
baseline2_njr,E:\TikTokTechJam\Track5Data(1)\Track5Data\official_demo_validation\fake\Advanced\DALLE3\dalle3\2023110215025084768300d30fc34f\776b637a59a73d0bf8ec2c17d19e3872.jpg,DALLE_Advanced,fake,1,1024,1024,0.08035144209861755,0.55657113,0,real,0,false_negative,633
baseline2_njr,E:\TikTokTechJam\Track5Data(1)\Track5Data\official_demo_validation\fake\Advanced\DALLE3\dalle3\20231102143933b82206831d45b85d\a42b6feb6c5aff27ce9c7faee3059cae.jpg,DALLE_Advanced,fake,1,1024,1024,0.08058172464370728,0.55657113,0,real,0,false_negative,634
baseline2_njr,E:\TikTokTechJam\Track5Data(1)\Track5Data\official_demo_validation\fake\Advanced\DALLE3\dalle3\2023110215025084768300d30fc34f\a42b6feb6c5aff27ce9c7faee3059cae.jpg,DALLE_Advanced,fake,1,1024,1024,0.08058172464370728,0.55657113,0,real,0,false_negative,635
baseline2_njr,E:\TikTokTechJam\Track5Data(1)\Track5Data\official_demo_validation\fake\Advanced\DALLE3\dalle3\20231103102150b17aad067ad7e034\a42b6feb6c5aff27ce9c7faee3059cae.jpg,DALLE_Advanced,fake,1,1024,1024,0.08058172464370728,0.55657113,0,real,0,false_negative,636
baseline2_njr,E:\TikTokTechJam\Track5Data(1)\Track5Data\official_demo_validation\fake\Advanced\DALLE3\dalle3\202311070924598319e76b1a88ba6c\a42b6feb6c5aff27ce9c7faee3059cae.jpg,DALLE_Advanced,fake,1,1024,1024,0.08058172464370728,0.55657113,0,real,0,false_negative,637
baseline2_njr,E:\TikTokTechJam\Track5Data(1)\Track5Data\official_demo_validation\fake\Advanced\DALLE3\dalle3\202311011943129901ca391019566e\11e08bded1546d11b1190a0f1bd16d8a.jpg,DALLE_Advanced,fake,1,1024,1024,0.0855075865983963,0.55657113,0,real,0,false_negative,638
baseline2_njr,E:\TikTokTechJam\Track5Data(1)\Track5Data\official_demo_validation\fake\Advanced\DALLE3\dalle3\20231102143933b82206831d45b85d\51de2bf92513e042b93cb627857571ea.jpg,DALLE_Advanced,fake,1,1024,1024,0.08612606674432755,0.55657113,0,real,0,false_negative,639
baseline2_njr,E:\TikTokTechJam\Track5Data(1)\Track5Data\official_demo_validation\fake\Advanced\DALLE3\dalle3\2023110215025084768300d30fc34f\51de2bf92513e042b93cb627857571ea.jpg,DALLE_Advanced,fake,1,1024,1024,0.08612606674432755,0.55657113,0,real,0,false_negative,640
baseline2_njr,E:\TikTokTechJam\Track5Data(1)\Track5Data\official_demo_validation\fake\Advanced\DALLE3\dalle3\20231103102150b17aad067ad7e034\51de2bf92513e042b93cb627857571ea.jpg,DALLE_Advanced,fake,1,1024,1024,0.08612606674432755,0.55657113,0,real,0,false_negative,641
baseline2_njr,E:\TikTokTechJam\Track5Data(1)\Track5Data\official_demo_validation\fake\Advanced\DALLE3\dalle3\202311070924598319e76b1a88ba6c\51de2bf92513e042b93cb627857571ea.jpg,DALLE_Advanced,fake,1,1024,1024,0.08612606674432755,0.55657113,0,real,0,false_negative,642
baseline2_njr,E:\TikTokTechJam\Track5Data(1)\Track5Data\official_demo_validation\fake\Advanced\DALLE3\dalle3\20231102143933b82206831d45b85d\0ba869f3fd616f01208b0e31eff8241c.jpg,DALLE_Advanced,fake,1,1024,1024,0.09120836108922958,0.55657113,0,real,0,false_negative,643
baseline2_njr,E:\TikTokTechJam\Track5Data(1)\Track5Data\official_demo_validation\fake\Advanced\DALLE3\dalle3\2023110215025084768300d30fc34f\0ba869f3fd616f01208b0e31eff8241c.jpg,DALLE_Advanced,fake,1,1024,1024,0.09120836108922958,0.55657113,0,real,0,false_negative,644
baseline2_njr,E:\TikTokTechJam\Track5Data(1)\Track5Data\official_demo_validation\fake\Advanced\DALLE3\dalle3\20231103102150b17aad067ad7e034\0ba869f3fd616f01208b0e31eff8241c.jpg,DALLE_Advanced,fake,1,1024,1024,0.09120836108922958,0.55657113,0,real,0,false_negative,645
baseline2_njr,E:\TikTokTechJam\Track5Data(1)\Track5Data\official_demo_validation\fake\Advanced\DALLE3\dalle3\202311070924598319e76b1a88ba6c\0ba869f3fd616f01208b0e31eff8241c.jpg,DALLE_Advanced,fake,1,1024,1024,0.09120836108922958,0.55657113,0,real,0,false_negative,646
baseline2_njr,E:\TikTokTechJam\Track5Data(1)\Track5Data\official_demo_validation\fake\Advanced\DALLE3\dalle3\20231102143933b82206831d45b85d\1aabef8a61247b11f228242f115a1594.jpg,DALLE_Advanced,fake,1,1024,1024,0.09211046993732452,0.55657113,0,real,0,false_negative,647
baseline2_njr,E:\TikTokTechJam\Track5Data(1)\Track5Data\official_demo_validation\fake\Advanced\DALLE3\dalle3\2023110215025084768300d30fc34f\1aabef8a61247b11f228242f115a1594.jpg,DALLE_Advanced,fake,1,1024,1024,0.09211046993732452,0.55657113,0,real,0,false_negative,648
baseline2_njr,E:\TikTokTechJam\Track5Data(1)\Track5Data\official_demo_validation\fake\Advanced\DALLE3\dalle3\20231103102150b17aad067ad7e034\1aabef8a61247b11f228242f115a1594.jpg,DALLE_Advanced,fake,1,1024,1024,0.09211046993732452,0.55657113,0,real,0,false_negative,649
baseline2_njr,E:\TikTokTechJam\Track5Data(1)\Track5Data\official_demo_validation\fake\Advanced\DALLE3\dalle3\202311070924598319e76b1a88ba6c\1aabef8a61247b11f228242f115a1594.jpg,DALLE_Advanced,fake,1,1024,1024,0.09211046993732452,0.55657113,0,real,0,false_negative,650
baseline2_njr,E:\TikTokTechJam\Track5Data(1)\Track5Data\official_demo_validation\fake\Advanced\DALLE3\dalle3\202311011943129901ca391019566e\76f7b768d15b2260288dc86daa14bd56.jpg,DALLE_Advanced,fake,1,1024,1024,0.09332577139139175,0.55657113,0,real,0,false_negative,651
baseline2_njr,E:\TikTokTechJam\Track5Data(1)\Track5Data\official_demo_validation\fake\Advanced\DALLE3\dalle3\20231102143933b82206831d45b85d\e2e84f5d7610cd853fae670c61d257db.jpg,DALLE_Advanced,fake,1,1024,1024,0.09476851671934128,0.55657113,0,real,0,false_negative,652
baseline2_njr,E:\TikTokTechJam\Track5Data(1)\Track5Data\official_demo_validation\fake\Advanced\DALLE3\dalle3\2023110215025084768300d30fc34f\e2e84f5d7610cd853fae670c61d257db.jpg,DALLE_Advanced,fake,1,1024,1024,0.09476851671934128,0.55657113,0,real,0,false_negative,653
baseline2_njr,E:\TikTokTechJam\Track5Data(1)\Track5Data\official_demo_validation\fake\Advanced\DALLE3\dalle3\20231103102150b17aad067ad7e034\e2e84f5d7610cd853fae670c61d257db.jpg,DALLE_Advanced,fake,1,1024,1024,0.09476851671934128,0.55657113,0,real,0,false_negative,654
baseline2_njr,E:\TikTokTechJam\Track5Data(1)\Track5Data\official_demo_validation\fake\Advanced\DALLE3\dalle3\202311070924598319e76b1a88ba6c\e2e84f5d7610cd853fae670c61d257db.jpg,DALLE_Advanced,fake,1,1024,1024,0.09476851671934128,0.55657113,0,real,0,false_negative,655
baseline2_njr,E:\TikTokTechJam\Track5Data(1)\Track5Data\official_demo_validation\fake\Advanced\DALLE3\dalle3\20231102143933b82206831d45b85d\79db2e3047e843185e0a419931ed46eb.jpg,DALLE_Advanced,fake,1,1024,1024,0.09879971295595169,0.55657113,0,real,0,false_negative,656
baseline2_njr,E:\TikTokTechJam\Track5Data(1)\Track5Data\official_demo_validation\fake\Advanced\DALLE3\dalle3\2023110215025084768300d30fc34f\79db2e3047e843185e0a419931ed46eb.jpg,DALLE_Advanced,fake,1,1024,1024,0.09879971295595169,0.55657113,0,real,0,false_negative,657
baseline2_njr,E:\TikTokTechJam\Track5Data(1)\Track5Data\official_demo_validation\fake\Advanced\DALLE3\dalle3\20231103102150b17aad067ad7e034\79db2e3047e843185e0a419931ed46eb.jpg,DALLE_Advanced,fake,1,1024,1024,0.09879971295595169,0.55657113,0,real,0,false_negative,658
baseline2_njr,E:\TikTokTechJam\Track5Data(1)\Track5Data\official_demo_validation\fake\Advanced\DALLE3\dalle3\202311070924598319e76b1a88ba6c\79db2e3047e843185e0a419931ed46eb.jpg,DALLE_Advanced,fake,1,1024,1024,0.09879971295595169,0.55657113,0,real,0,false_negative,659
baseline2_njr,E:\TikTokTechJam\Track5Data(1)\Track5Data\official_demo_validation\fake\Advanced\DALLE3\dalle3\20231102143933b82206831d45b85d\b7f483f19a70f6f2b9d9d4f0dff6ea22.jpg,DALLE_Advanced,fake,1,1024,1024,0.09982837736606598,0.55657113,0,real,0,false_negative,660
baseline2_njr,E:\TikTokTechJam\Track5Data(1)\Track5Data\official_demo_validation\fake\Advanced\DALLE3\dalle3\2023110215025084768300d30fc34f\b7f483f19a70f6f2b9d9d4f0dff6ea22.jpg,DALLE_Advanced,fake,1,1024,1024,0.09982837736606598,0.55657113,0,real,0,false_negative,661
baseline2_njr,E:\TikTokTechJam\Track5Data(1)\Track5Data\official_demo_validation\fake\Advanced\DALLE3\dalle3\20231103102150b17aad067ad7e034\b7f483f19a70f6f2b9d9d4f0dff6ea22.jpg,DALLE_Advanced,fake,1,1024,1024,0.09982837736606598,0.55657113,0,real,0,false_negative,662
baseline2_njr,E:\TikTokTechJam\Track5Data(1)\Track5Data\official_demo_validation\fake\Advanced\DALLE3\dalle3\202311070924598319e76b1a88ba6c\b7f483f19a70f6f2b9d9d4f0dff6ea22.jpg,DALLE_Advanced,fake,1,1024,1024,0.09982837736606598,0.55657113,0,real,0,false_negative,663
baseline2_njr,E:\TikTokTechJam\Track5Data(1)\Track5Data\official_demo_validation\fake\Advanced\DALLE3\dalle3\20231102143933b82206831d45b85d\f6529c710e871c1ed24b56d63b681cb7.jpg,DALLE_Advanced,fake,1,1024,1024,0.10495644062757492,0.55657113,0,real,0,false_negative,664
baseline2_njr,E:\TikTokTechJam\Track5Data(1)\Track5Data\official_demo_validation\fake\Advanced\DALLE3\dalle3\2023110215025084768300d30fc34f\f6529c710e871c1ed24b56d63b681cb7.jpg,DALLE_Advanced,fake,1,1024,1024,0.10495644062757492,0.55657113,0,real,0,false_negative,665
baseline2_njr,E:\TikTokTechJam\Track5Data(1)\Track5Data\official_demo_validation\fake\Advanced\DALLE3\dalle3\20231103102150b17aad067ad7e034\f6529c710e871c1ed24b56d63b681cb7.jpg,DALLE_Advanced,fake,1,1024,1024,0.10495644062757492,0.55657113,0,real,0,false_negative,666
baseline2_njr,E:\TikTokTechJam\Track5Data(1)\Track5Data\official_demo_validation\fake\Advanced\DALLE3\dalle3\202311070924598319e76b1a88ba6c\f6529c710e871c1ed24b56d63b681cb7.jpg,DALLE_Advanced,fake,1,1024,1024,0.10495644062757492,0.55657113,0,real,0,false_negative,667
baseline2_njr,E:\TikTokTechJam\Track5Data(1)\Track5Data\official_demo_validation\fake\Advanced\DALLE3\dalle3\20231102143933b82206831d45b85d\d2f5613f901f65ccd5dec4238da6013c.jpg,DALLE_Advanced,fake,1,1024,1024,0.10813233256340027,0.55657113,0,real,0,false_negative,668
baseline2_njr,E:\TikTokTechJam\Track5Data(1)\Track5Data\official_demo_validation\fake\Advanced\DALLE3\dalle3\2023110215025084768300d30fc34f\d2f5613f901f65ccd5dec4238da6013c.jpg,DALLE_Advanced,fake,1,1024,1024,0.10813233256340027,0.55657113,0,real,0,false_negative,669
baseline2_njr,E:\TikTokTechJam\Track5Data(1)\Track5Data\official_demo_validation\fake\Advanced\DALLE3\dalle3\20231102143933b82206831d45b85d\ff35f33f66df5ac5d2029a368142cbe0.jpg,DALLE_Advanced,fake,1,1792,1024,0.10844101011753082,0.55657113,0,real,0,false_negative,670
baseline2_njr,E:\TikTokTechJam\Track5Data(1)\Track5Data\official_demo_validation\fake\Advanced\DALLE3\dalle3\2023110215025084768300d30fc34f\ff35f33f66df5ac5d2029a368142cbe0.jpg,DALLE_Advanced,fake,1,1792,1024,0.10844101011753082,0.55657113,0,real,0,false_negative,671
baseline2_njr,E:\TikTokTechJam\Track5Data(1)\Track5Data\official_demo_validation\fake\Advanced\DALLE3\dalle3\20231103102150b17aad067ad7e034\ff35f33f66df5ac5d2029a368142cbe0.jpg,DALLE_Advanced,fake,1,1792,1024,0.10844101011753082,0.55657113,0,real,0,false_negative,672
baseline2_njr,E:\TikTokTechJam\Track5Data(1)\Track5Data\official_demo_validation\fake\Advanced\DALLE3\dalle3\202311070924598319e76b1a88ba6c\ff35f33f66df5ac5d2029a368142cbe0.jpg,DALLE_Advanced,fake,1,1792,1024,0.10844101011753082,0.55657113,0,real,0,false_negative,673
baseline2_njr,E:\TikTokTechJam\Track5Data(1)\Track5Data\official_demo_validation\fake\Advanced\DALLE3\dalle3\202311011943129901ca391019566e\d50be6576d6bd1d96df3f20d780890c9.jpg,DALLE_Advanced,fake,1,1792,1024,0.11086918413639069,0.55657113,0,real,0,false_negative,674
baseline2_njr,E:\TikTokTechJam\Track5Data(1)\Track5Data\official_demo_validation\fake\Advanced\DALLE3\dalle3\20231102143933b82206831d45b85d\904f46f225d25567426e106c5a983ce1.jpg,DALLE_Advanced,fake,1,1024,1024,0.11293482035398483,0.55657113,0,real,0,false_negative,675
baseline2_njr,E:\TikTokTechJam\Track5Data(1)\Track5Data\official_demo_validation\fake\Advanced\DALLE3\dalle3\2023110215025084768300d30fc34f\904f46f225d25567426e106c5a983ce1.jpg,DALLE_Advanced,fake,1,1024,1024,0.11293482035398483,0.55657113,0,real,0,false_negative,676
baseline2_njr,E:\TikTokTechJam\Track5Data(1)\Track5Data\official_demo_validation\fake\Advanced\DALLE3\dalle3\20231103102150b17aad067ad7e034\904f46f225d25567426e106c5a983ce1.jpg,DALLE_Advanced,fake,1,1024,1024,0.11293482035398483,0.55657113,0,real,0,false_negative,677
baseline2_njr,E:\TikTokTechJam\Track5Data(1)\Track5Data\official_demo_validation\fake\Advanced\DALLE3\dalle3\202311070924598319e76b1a88ba6c\904f46f225d25567426e106c5a983ce1.jpg,DALLE_Advanced,fake,1,1024,1024,0.11293482035398483,0.55657113,0,real,0,false_negative,678
baseline2_njr,E:\TikTokTechJam\Track5Data(1)\Track5Data\official_demo_validation\fake\Advanced\DALLE3\dalle3\20231102143933b82206831d45b85d\5bce33a28c2174384a48fe03c577393a.jpg,DALLE_Advanced,fake,1,1024,1024,0.1129898652434349,0.55657113,0,real,0,false_negative,679
baseline2_njr,E:\TikTokTechJam\Track5Data(1)\Track5Data\official_demo_validation\fake\Advanced\DALLE3\dalle3\2023110215025084768300d30fc34f\5bce33a28c2174384a48fe03c577393a.jpg,DALLE_Advanced,fake,1,1024,1024,0.1129898652434349,0.55657113,0,real,0,false_negative,680
baseline2_njr,E:\TikTokTechJam\Track5Data(1)\Track5Data\official_demo_validation\fake\Advanced\DALLE3\dalle3\20231103102150b17aad067ad7e034\5bce33a28c2174384a48fe03c577393a.jpg,DALLE_Advanced,fake,1,1024,1024,0.1129898652434349,0.55657113,0,real,0,false_negative,681
baseline2_njr,E:\TikTokTechJam\Track5Data(1)\Track5Data\official_demo_validation\fake\Advanced\DALLE3\dalle3\202311070924598319e76b1a88ba6c\5bce33a28c2174384a48fe03c577393a.jpg,DALLE_Advanced,fake,1,1024,1024,0.1129898652434349,0.55657113,0,real,0,false_negative,682
baseline2_njr,E:\TikTokTechJam\Track5Data(1)\Track5Data\official_demo_validation\fake\Advanced\DALLE3\dalle3\20231102143933b82206831d45b85d\4b38a5219a16517d82ad69c589a4975e.jpg,DALLE_Advanced,fake,1,1024,1024,0.11302180588245392,0.55657113,0,real,0,false_negative,683
baseline2_njr,E:\TikTokTechJam\Track5Data(1)\Track5Data\official_demo_validation\fake\Advanced\DALLE3\dalle3\2023110215025084768300d30fc34f\4b38a5219a16517d82ad69c589a4975e.jpg,DALLE_Advanced,fake,1,1024,1024,0.11302180588245392,0.55657113,0,real,0,false_negative,684
baseline2_njr,E:\TikTokTechJam\Track5Data(1)\Track5Data\official_demo_validation\fake\Advanced\DALLE3\dalle3\20231103102150b17aad067ad7e034\4b38a5219a16517d82ad69c589a4975e.jpg,DALLE_Advanced,fake,1,1024,1024,0.11302180588245392,0.55657113,0,real,0,false_negative,685
baseline2_njr,E:\TikTokTechJam\Track5Data(1)\Track5Data\official_demo_validation\fake\Advanced\DALLE3\dalle3\202311070924598319e76b1a88ba6c\4b38a5219a16517d82ad69c589a4975e.jpg,DALLE_Advanced,fake,1,1024,1024,0.11302180588245392,0.55657113,0,real,0,false_negative,686
baseline2_njr,E:\TikTokTechJam\Track5Data(1)\Track5Data\official_demo_validation\fake\Advanced\DALLE3\dalle3\202311011943129901ca391019566e\789401b0ee16fd147afdcd418ab5d41a.jpg,DALLE_Advanced,fake,1,1792,1024,0.11376580595970154,0.55657113,0,real,0,false_negative,687
baseline2_njr,E:\TikTokTechJam\Track5Data(1)\Track5Data\official_demo_validation\fake\Advanced\DALLE3\dalle3\202311070924598319e76b1a88ba6c\af41f6791edcc5b1eee99d5f113a24ad.jpg,DALLE_Advanced,fake,1,1024,1024,0.12060492485761642,0.55657113,0,real,0,false_negative,688
baseline2_njr,E:\TikTokTechJam\Track5Data(1)\Track5Data\official_demo_validation\fake\Advanced\DALLE3\dalle3\20231102143933b82206831d45b85d\acaefbcd9623e4c2aacb1a5e1b59eb27.jpg,DALLE_Advanced,fake,1,1024,1024,0.12127818167209625,0.55657113,0,real,0,false_negative,689
baseline2_njr,E:\TikTokTechJam\Track5Data(1)\Track5Data\official_demo_validation\fake\Advanced\DALLE3\dalle3\2023110215025084768300d30fc34f\acaefbcd9623e4c2aacb1a5e1b59eb27.jpg,DALLE_Advanced,fake,1,1024,1024,0.12127818167209625,0.55657113,0,real,0,false_negative,690
baseline2_njr,E:\TikTokTechJam\Track5Data(1)\Track5Data\official_demo_validation\fake\Advanced\DALLE3\dalle3\20231102143933b82206831d45b85d\5568442167f35e47fe0e17d589387ef9.jpg,DALLE_Advanced,fake,1,1024,1024,0.1228698268532753,0.55657113,0,real,0,false_negative,691
baseline2_njr,E:\TikTokTechJam\Track5Data(1)\Track5Data\official_demo_validation\fake\Advanced\DALLE3\dalle3\2023110215025084768300d30fc34f\5568442167f35e47fe0e17d589387ef9.jpg,DALLE_Advanced,fake,1,1024,1024,0.1228698268532753,0.55657113,0,real,0,false_negative,692
baseline2_njr,E:\TikTokTechJam\Track5Data(1)\Track5Data\official_demo_validation\fake\Advanced\DALLE3\dalle3\20231103102150b17aad067ad7e034\5568442167f35e47fe0e17d589387ef9.jpg,DALLE_Advanced,fake,1,1024,1024,0.1228698268532753,0.55657113,0,real,0,false_negative,693
baseline2_njr,E:\TikTokTechJam\Track5Data(1)\Track5Data\official_demo_validation\fake\Advanced\DALLE3\dalle3\202311070924598319e76b1a88ba6c\5568442167f35e47fe0e17d589387ef9.jpg,DALLE_Advanced,fake,1,1024,1024,0.1228698268532753,0.55657113,0,real,0,false_negative,694
baseline2_njr,E:\TikTokTechJam\Track5Data(1)\Track5Data\official_demo_validation\fake\Advanced\DALLE3\dalle3\202311011943129901ca391019566e\3c589aa7fd4a6705f1fd7918daf4ffb9.jpg,DALLE_Advanced,fake,1,1024,1024,0.12856674194335938,0.55657113,0,real,0,false_negative,695
baseline2_njr,E:\TikTokTechJam\Track5Data(1)\Track5Data\official_demo_validation\fake\Advanced\DALLE3\dalle3\202311011943129901ca391019566e\4fcc3487c25e83f88cf1940e17ed6f06.jpg,DALLE_Advanced,fake,1,1792,1024,0.13298025727272034,0.55657113,0,real,0,false_negative,696
baseline2_njr,E:\TikTokTechJam\Track5Data(1)\Track5Data\official_demo_validation\fake\Advanced\DALLE3\dalle3\202311011943129901ca391019566e\83b0768de8501709506dba203ed74558.jpg,DALLE_Advanced,fake,1,1024,1024,0.135153666138649,0.55657113,0,real,0,false_negative,697
baseline2_njr,E:\TikTokTechJam\Track5Data(1)\Track5Data\official_demo_validation\fake\Advanced\DALLE3\dalle3\202311011943129901ca391019566e\7d99e0913a994d372c9ad524a51868fb.jpg,DALLE_Advanced,fake,1,1024,1024,0.1361721307039261,0.55657113,0,real,0,false_negative,698
baseline2_njr,E:\TikTokTechJam\Track5Data(1)\Track5Data\official_demo_validation\fake\Advanced\DALLE3\dalle3\202311011943129901ca391019566e\e318b482f5459ae4dee674c9d1bc3872.jpg,DALLE_Advanced,fake,1,1024,1024,0.13684645295143127,0.55657113,0,real,0,false_negative,699
baseline2_njr,E:\TikTokTechJam\Track5Data(1)\Track5Data\official_demo_validation\fake\Advanced\DALLE3\dalle3\202311011943129901ca391019566e\9186f58ffb371f544d81d3629538293f.jpg,DALLE_Advanced,fake,1,1024,1024,0.14188459515571594,0.55657113,0,real,0,false_negative,700
baseline2_njr,E:\TikTokTechJam\Track5Data(1)\Track5Data\official_demo_validation\fake\Advanced\DALLE3\dalle3\20231102143933b82206831d45b85d\19838e7c6566db88d94c84552e877666.jpg,DALLE_Advanced,fake,1,1024,1024,0.14247654378414154,0.55657113,0,real,0,false_negative,701
baseline2_njr,E:\TikTokTechJam\Track5Data(1)\Track5Data\official_demo_validation\fake\Advanced\DALLE3\dalle3\2023110215025084768300d30fc34f\19838e7c6566db88d94c84552e877666.jpg,DALLE_Advanced,fake,1,1024,1024,0.14247654378414154,0.55657113,0,real,0,false_negative,702
baseline2_njr,E:\TikTokTechJam\Track5Data(1)\Track5Data\official_demo_validation\fake\Advanced\DALLE3\dalle3\20231103102150b17aad067ad7e034\19838e7c6566db88d94c84552e877666.jpg,DALLE_Advanced,fake,1,1024,1024,0.14247654378414154,0.55657113,0,real,0,false_negative,703
baseline2_njr,E:\TikTokTechJam\Track5Data(1)\Track5Data\official_demo_validation\fake\Advanced\DALLE3\dalle3\202311070924598319e76b1a88ba6c\19838e7c6566db88d94c84552e877666.jpg,DALLE_Advanced,fake,1,1024,1024,0.14247654378414154,0.55657113,0,real,0,false_negative,704
baseline2_njr,E:\TikTokTechJam\Track5Data(1)\Track5Data\official_demo_validation\fake\Advanced\DALLE3\dalle3\20231102143933b82206831d45b85d\d6f984d4d14b8e010deae78137f5fb65.jpg,DALLE_Advanced,fake,1,1024,1024,0.14277295768260956,0.55657113,0,real,0,false_negative,705
baseline2_njr,E:\TikTokTechJam\Track5Data(1)\Track5Data\official_demo_validation\fake\Advanced\DALLE3\dalle3\2023110215025084768300d30fc34f\d6f984d4d14b8e010deae78137f5fb65.jpg,DALLE_Advanced,fake,1,1024,1024,0.14277295768260956,0.55657113,0,real,0,false_negative,706
baseline2_njr,E:\TikTokTechJam\Track5Data(1)\Track5Data\official_demo_validation\fake\Advanced\DALLE3\dalle3\20231103102150b17aad067ad7e034\d6f984d4d14b8e010deae78137f5fb65.jpg,DALLE_Advanced,fake,1,1024,1024,0.14277295768260956,0.55657113,0,real,0,false_negative,707
baseline2_njr,E:\TikTokTechJam\Track5Data(1)\Track5Data\official_demo_validation\fake\Advanced\DALLE3\dalle3\202311070924598319e76b1a88ba6c\d6f984d4d14b8e010deae78137f5fb65.jpg,DALLE_Advanced,fake,1,1024,1024,0.14277295768260956,0.55657113,0,real,0,false_negative,708
baseline2_njr,E:\TikTokTechJam\Track5Data(1)\Track5Data\official_demo_validation\fake\Advanced\DALLE3\dalle3\20231102143933b82206831d45b85d\d84f68ed3169954759e115c052718733.jpg,DALLE_Advanced,fake,1,1024,1024,0.1456805020570755,0.55657113,0,real,0,false_negative,709
baseline2_njr,E:\TikTokTechJam\Track5Data(1)\Track5Data\official_demo_validation\fake\Advanced\DALLE3\dalle3\2023110215025084768300d30fc34f\d84f68ed3169954759e115c052718733.jpg,DALLE_Advanced,fake,1,1024,1024,0.1456805020570755,0.55657113,0,real,0,false_negative,710
baseline2_njr,E:\TikTokTechJam\Track5Data(1)\Track5Data\official_demo_validation\fake\Advanced\DALLE3\dalle3\20231103102150b17aad067ad7e034\d84f68ed3169954759e115c052718733.jpg,DALLE_Advanced,fake,1,1024,1024,0.1456805020570755,0.55657113,0,real,0,false_negative,711
baseline2_njr,E:\TikTokTechJam\Track5Data(1)\Track5Data\official_demo_validation\fake\Advanced\DALLE3\dalle3\202311070924598319e76b1a88ba6c\d84f68ed3169954759e115c052718733.jpg,DALLE_Advanced,fake,1,1024,1024,0.1456805020570755,0.55657113,0,real,0,false_negative,712
baseline2_njr,E:\TikTokTechJam\Track5Data(1)\Track5Data\official_demo_validation\fake\Advanced\DALLE3\dalle3\202311011943129901ca391019566e\9c48f7c1e0c17b0082aefee340cd15fe.jpg,DALLE_Advanced,fake,1,1792,1024,0.14602378010749817,0.55657113,0,real,0,false_negative,713
baseline2_njr,E:\TikTokTechJam\Track5Data(1)\Track5Data\official_demo_validation\fake\Advanced\DALLE3\dalle3\20231102143933b82206831d45b85d\dc45fa1e5828d6b2e51e53b20cab74cd.jpg,DALLE_Advanced,fake,1,1024,1024,0.14722208678722382,0.55657113,0,real,0,false_negative,714
baseline2_njr,E:\TikTokTechJam\Track5Data(1)\Track5Data\official_demo_validation\fake\Advanced\DALLE3\dalle3\2023110215025084768300d30fc34f\dc45fa1e5828d6b2e51e53b20cab74cd.jpg,DALLE_Advanced,fake,1,1024,1024,0.14722208678722382,0.55657113,0,real,0,false_negative,715
baseline2_njr,E:\TikTokTechJam\Track5Data(1)\Track5Data\official_demo_validation\fake\Advanced\DALLE3\dalle3\20231103102150b17aad067ad7e034\dc45fa1e5828d6b2e51e53b20cab74cd.jpg,DALLE_Advanced,fake,1,1024,1024,0.14722208678722382,0.55657113,0,real,0,false_negative,716
baseline2_njr,E:\TikTokTechJam\Track5Data(1)\Track5Data\official_demo_validation\fake\Advanced\DALLE3\dalle3\202311070924598319e76b1a88ba6c\dc45fa1e5828d6b2e51e53b20cab74cd.jpg,DALLE_Advanced,fake,1,1024,1024,0.14722208678722382,0.55657113,0,real,0,false_negative,717
baseline2_njr,E:\TikTokTechJam\Track5Data(1)\Track5Data\official_demo_validation\fake\Advanced\DALLE3\dalle3\20231102143933b82206831d45b85d\162576330205227d5bca5be6b7d01acd.jpg,DALLE_Advanced,fake,1,1024,1024,0.14727404713630676,0.55657113,0,real,0,false_negative,718
baseline2_njr,E:\TikTokTechJam\Track5Data(1)\Track5Data\official_demo_validation\fake\Advanced\DALLE3\dalle3\2023110215025084768300d30fc34f\162576330205227d5bca5be6b7d01acd.jpg,DALLE_Advanced,fake,1,1024,1024,0.14727404713630676,0.55657113,0,real,0,false_negative,719
baseline2_njr,E:\TikTokTechJam\Track5Data(1)\Track5Data\official_demo_validation\fake\Advanced\DALLE3\dalle3\20231103102150b17aad067ad7e034\162576330205227d5bca5be6b7d01acd.jpg,DALLE_Advanced,fake,1,1024,1024,0.14727404713630676,0.55657113,0,real,0,false_negative,720
baseline2_njr,E:\TikTokTechJam\Track5Data(1)\Track5Data\official_demo_validation\fake\Advanced\DALLE3\dalle3\202311070924598319e76b1a88ba6c\162576330205227d5bca5be6b7d01acd.jpg,DALLE_Advanced,fake,1,1024,1024,0.14727404713630676,0.55657113,0,real,0,false_negative,721
baseline2_njr,E:\TikTokTechJam\Track5Data(1)\Track5Data\official_demo_validation\fake\Advanced\DALLE3\dalle3\20231102143933b82206831d45b85d\3e9ae70aad70d00569bff2962937d427.jpg,DALLE_Advanced,fake,1,1024,1024,0.15169040858745575,0.55657113,0,real,0,false_negative,722
baseline2_njr,E:\TikTokTechJam\Track5Data(1)\Track5Data\official_demo_validation\fake\Advanced\DALLE3\dalle3\2023110215025084768300d30fc34f\3e9ae70aad70d00569bff2962937d427.jpg,DALLE_Advanced,fake,1,1024,1024,0.15169040858745575,0.55657113,0,real,0,false_negative,723
baseline2_njr,E:\TikTokTechJam\Track5Data(1)\Track5Data\official_demo_validation\fake\Advanced\DALLE3\dalle3\20231103102150b17aad067ad7e034\3e9ae70aad70d00569bff2962937d427.jpg,DALLE_Advanced,fake,1,1024,1024,0.15169040858745575,0.55657113,0,real,0,false_negative,724
baseline2_njr,E:\TikTokTechJam\Track5Data(1)\Track5Data\official_demo_validation\fake\Advanced\DALLE3\dalle3\202311070924598319e76b1a88ba6c\3e9ae70aad70d00569bff2962937d427.jpg,DALLE_Advanced,fake,1,1024,1024,0.15169040858745575,0.55657113,0,real,0,false_negative,725
baseline2_njr,E:\TikTokTechJam\Track5Data(1)\Track5Data\official_demo_validation\fake\Advanced\DALLE3\dalle3\202311070924598319e76b1a88ba6c\86f4a06dbf3d3eeffd4754d6551ae119.jpg,DALLE_Advanced,fake,1,1024,1024,0.1542011797428131,0.55657113,0,real,0,false_negative,726
baseline2_njr,E:\TikTokTechJam\Track5Data(1)\Track5Data\official_demo_validation\fake\Advanced\DALLE3\dalle3\202311011943129901ca391019566e\ad7201355b37ed3ddd049a03aac3db98.jpg,DALLE_Advanced,fake,1,1024,1024,0.15545184910297394,0.55657113,0,real,0,false_negative,727
baseline2_njr,E:\TikTokTechJam\Track5Data(1)\Track5Data\official_demo_validation\fake\Advanced\DALLE3\dalle3\20231102143933b82206831d45b85d\6542277f91830b9d5c27167687e538ae.jpg,DALLE_Advanced,fake,1,1024,1024,0.15622320771217346,0.55657113,0,real,0,false_negative,728
baseline2_njr,E:\TikTokTechJam\Track5Data(1)\Track5Data\official_demo_validation\fake\Advanced\DALLE3\dalle3\2023110215025084768300d30fc34f\6542277f91830b9d5c27167687e538ae.jpg,DALLE_Advanced,fake,1,1024,1024,0.15622320771217346,0.55657113,0,real,0,false_negative,729
baseline2_njr,E:\TikTokTechJam\Track5Data(1)\Track5Data\official_demo_validation\fake\Advanced\DALLE3\dalle3\20231103102150b17aad067ad7e034\6542277f91830b9d5c27167687e538ae.jpg,DALLE_Advanced,fake,1,1024,1024,0.15622320771217346,0.55657113,0,real,0,false_negative,730
baseline2_njr,E:\TikTokTechJam\Track5Data(1)\Track5Data\official_demo_validation\fake\Advanced\DALLE3\dalle3\202311070924598319e76b1a88ba6c\6542277f91830b9d5c27167687e538ae.jpg,DALLE_Advanced,fake,1,1024,1024,0.15622320771217346,0.55657113,0,real,0,false_negative,731
baseline2_njr,E:\TikTokTechJam\Track5Data(1)\Track5Data\official_demo_validation\fake\Advanced\DALLE3\dalle3\20231102143933b82206831d45b85d\ed2f6720514f574458be940e59cef353.jpg,DALLE_Advanced,fake,1,1024,1024,0.1580289602279663,0.55657113,0,real,0,false_negative,732
baseline2_njr,E:\TikTokTechJam\Track5Data(1)\Track5Data\official_demo_validation\fake\Advanced\DALLE3\dalle3\2023110215025084768300d30fc34f\ed2f6720514f574458be940e59cef353.jpg,DALLE_Advanced,fake,1,1024,1024,0.1580289602279663,0.55657113,0,real,0,false_negative,733
baseline2_njr,E:\TikTokTechJam\Track5Data(1)\Track5Data\official_demo_validation\fake\Advanced\DALLE3\dalle3\20231103102150b17aad067ad7e034\ed2f6720514f574458be940e59cef353.jpg,DALLE_Advanced,fake,1,1024,1024,0.1580289602279663,0.55657113,0,real,0,false_negative,734
baseline2_njr,E:\TikTokTechJam\Track5Data(1)\Track5Data\official_demo_validation\fake\Advanced\DALLE3\dalle3\202311070924598319e76b1a88ba6c\ed2f6720514f574458be940e59cef353.jpg,DALLE_Advanced,fake,1,1024,1024,0.1580289602279663,0.55657113,0,real,0,false_negative,735
baseline2_njr,E:\TikTokTechJam\Track5Data(1)\Track5Data\official_demo_validation\fake\Advanced\DALLE3\dalle3\202311011943129901ca391019566e\7de005b4cc246045585ad42140788b32.jpg,DALLE_Advanced,fake,1,1792,1024,0.15803281962871552,0.55657113,0,real,0,false_negative,736
baseline2_njr,E:\TikTokTechJam\Track5Data(1)\Track5Data\official_demo_validation\fake\Advanced\DALLE3\dalle3\20231102143933b82206831d45b85d\ec34d11899c5506e9fdfdecde92d1a83.jpg,DALLE_Advanced,fake,1,1024,1024,0.15875346958637238,0.55657113,0,real,0,false_negative,737
baseline2_njr,E:\TikTokTechJam\Track5Data(1)\Track5Data\official_demo_validation\fake\Advanced\DALLE3\dalle3\2023110215025084768300d30fc34f\ec34d11899c5506e9fdfdecde92d1a83.jpg,DALLE_Advanced,fake,1,1024,1024,0.15875346958637238,0.55657113,0,real,0,false_negative,738
baseline2_njr,E:\TikTokTechJam\Track5Data(1)\Track5Data\official_demo_validation\fake\Advanced\DALLE3\dalle3\20231103102150b17aad067ad7e034\ec34d11899c5506e9fdfdecde92d1a83.jpg,DALLE_Advanced,fake,1,1024,1024,0.15875346958637238,0.55657113,0,real,0,false_negative,739
baseline2_njr,E:\TikTokTechJam\Track5Data(1)\Track5Data\official_demo_validation\fake\Advanced\DALLE3\dalle3\202311070924598319e76b1a88ba6c\ec34d11899c5506e9fdfdecde92d1a83.jpg,DALLE_Advanced,fake,1,1024,1024,0.15875346958637238,0.55657113,0,real,0,false_negative,740
baseline2_njr,E:\TikTokTechJam\Track5Data(1)\Track5Data\official_demo_validation\fake\Advanced\DALLE3\dalle3\20231102143933b82206831d45b85d\2dcad79faa6c267550df9e3142f21323.jpg,DALLE_Advanced,fake,1,1024,1024,0.16165685653686523,0.55657113,0,real,0,false_negative,741
baseline2_njr,E:\TikTokTechJam\Track5Data(1)\Track5Data\official_demo_validation\fake\Advanced\DALLE3\dalle3\2023110215025084768300d30fc34f\2dcad79faa6c267550df9e3142f21323.jpg,DALLE_Advanced,fake,1,1024,1024,0.16165685653686523,0.55657113,0,real,0,false_negative,742
baseline2_njr,E:\TikTokTechJam\Track5Data(1)\Track5Data\official_demo_validation\fake\Advanced\DALLE3\dalle3\202311070924598319e76b1a88ba6c\2dcad79faa6c267550df9e3142f21323.jpg,DALLE_Advanced,fake,1,1024,1024,0.16165685653686523,0.55657113,0,real,0,false_negative,743
baseline2_njr,E:\TikTokTechJam\Track5Data(1)\Track5Data\official_demo_validation\fake\Advanced\DALLE3\dalle3\20231102143933b82206831d45b85d\9532cfdbccd67d2bf220e09c4acfd91a.jpg,DALLE_Advanced,fake,1,1024,1024,0.16581298410892487,0.55657113,0,real,0,false_negative,744
baseline2_njr,E:\TikTokTechJam\Track5Data(1)\Track5Data\official_demo_validation\fake\Advanced\DALLE3\dalle3\2023110215025084768300d30fc34f\9532cfdbccd67d2bf220e09c4acfd91a.jpg,DALLE_Advanced,fake,1,1024,1024,0.16581298410892487,0.55657113,0,real,0,false_negative,745
baseline2_njr,E:\TikTokTechJam\Track5Data(1)\Track5Data\official_demo_validation\fake\Advanced\DALLE3\dalle3\20231103102150b17aad067ad7e034\9532cfdbccd67d2bf220e09c4acfd91a.jpg,DALLE_Advanced,fake,1,1024,1024,0.16581298410892487,0.55657113,0,real,0,false_negative,746
baseline2_njr,E:\TikTokTechJam\Track5Data(1)\Track5Data\official_demo_validation\fake\Advanced\DALLE3\dalle3\202311070924598319e76b1a88ba6c\9532cfdbccd67d2bf220e09c4acfd91a.jpg,DALLE_Advanced,fake,1,1024,1024,0.16581298410892487,0.55657113,0,real,0,false_negative,747
baseline2_njr,E:\TikTokTechJam\Track5Data(1)\Track5Data\official_demo_validation\fake\Advanced\DALLE3\dalle3\20231102143933b82206831d45b85d\14b910056e706d349452b6ee411021c3.jpg,DALLE_Advanced,fake,1,1024,1024,0.16725504398345947,0.55657113,0,real,0,false_negative,748
baseline2_njr,E:\TikTokTechJam\Track5Data(1)\Track5Data\official_demo_validation\fake\Advanced\DALLE3\dalle3\2023110215025084768300d30fc34f\14b910056e706d349452b6ee411021c3.jpg,DALLE_Advanced,fake,1,1024,1024,0.16725504398345947,0.55657113,0,real,0,false_negative,749
baseline2_njr,E:\TikTokTechJam\Track5Data(1)\Track5Data\official_demo_validation\fake\Advanced\DALLE3\dalle3\20231103102150b17aad067ad7e034\14b910056e706d349452b6ee411021c3.jpg,DALLE_Advanced,fake,1,1024,1024,0.16725504398345947,0.55657113,0,real,0,false_negative,750
baseline2_njr,E:\TikTokTechJam\Track5Data(1)\Track5Data\official_demo_validation\fake\Advanced\DALLE3\dalle3\202311070924598319e76b1a88ba6c\14b910056e706d349452b6ee411021c3.jpg,DALLE_Advanced,fake,1,1024,1024,0.16725504398345947,0.55657113,0,real,0,false_negative,751
baseline2_njr,E:\TikTokTechJam\Track5Data(1)\Track5Data\official_demo_validation\fake\Advanced\DALLE3\dalle3\202311011943129901ca391019566e\113efca49b4dfadb29c4fd8f7fc531a9.jpg,DALLE_Advanced,fake,1,1024,1024,0.16758574545383453,0.55657113,0,real,0,false_negative,752
baseline2_njr,E:\TikTokTechJam\Track5Data(1)\Track5Data\official_demo_validation\fake\Advanced\DALLE3\dalle3\202311070924598319e76b1a88ba6c\dce36ac73b6d46d62d324b4db68b50dc.jpg,DALLE_Advanced,fake,1,1024,1024,0.16932587325572968,0.55657113,0,real,0,false_negative,753
baseline2_njr,E:\TikTokTechJam\Track5Data(1)\Track5Data\official_demo_validation\fake\Advanced\DALLE3\dalle3\202311011943129901ca391019566e\6301197ddf72148666c88a805fa287b9.jpg,DALLE_Advanced,fake,1,1024,1024,0.17324042320251465,0.55657113,0,real,0,false_negative,754
baseline2_njr,E:\TikTokTechJam\Track5Data(1)\Track5Data\official_demo_validation\fake\Advanced\DALLE3\dalle3\202311011943129901ca391019566e\9f23d781f0e4de0ecc847d9fc46be049.jpg,DALLE_Advanced,fake,1,1792,1024,0.17487946152687073,0.55657113,0,real,0,false_negative,755
baseline2_njr,E:\TikTokTechJam\Track5Data(1)\Track5Data\official_demo_validation\fake\Advanced\DALLE3\dalle3\202311011943129901ca391019566e\53e7339cb904686a2ed6836d0d6275ce.jpg,DALLE_Advanced,fake,1,1024,1024,0.17597846686840057,0.55657113,0,real,0,false_negative,756
baseline2_njr,E:\TikTokTechJam\Track5Data(1)\Track5Data\official_demo_validation\fake\Advanced\DALLE3\dalle3\20231102143933b82206831d45b85d\4da3ec600ef55aea19e0a9c9f53e8b5f.jpg,DALLE_Advanced,fake,1,1792,1024,0.18023334443569183,0.55657113,0,real,0,false_negative,757
baseline2_njr,E:\TikTokTechJam\Track5Data(1)\Track5Data\official_demo_validation\fake\Advanced\DALLE3\dalle3\2023110215025084768300d30fc34f\4da3ec600ef55aea19e0a9c9f53e8b5f.jpg,DALLE_Advanced,fake,1,1792,1024,0.18023334443569183,0.55657113,0,real,0,false_negative,758
baseline2_njr,E:\TikTokTechJam\Track5Data(1)\Track5Data\official_demo_validation\fake\Advanced\DALLE3\dalle3\20231103102150b17aad067ad7e034\4da3ec600ef55aea19e0a9c9f53e8b5f.jpg,DALLE_Advanced,fake,1,1792,1024,0.18023334443569183,0.55657113,0,real,0,false_negative,759
baseline2_njr,E:\TikTokTechJam\Track5Data(1)\Track5Data\official_demo_validation\fake\Advanced\DALLE3\dalle3\202311070924598319e76b1a88ba6c\4da3ec600ef55aea19e0a9c9f53e8b5f.jpg,DALLE_Advanced,fake,1,1792,1024,0.18023334443569183,0.55657113,0,real,0,false_negative,760
baseline2_njr,E:\TikTokTechJam\Track5Data(1)\Track5Data\official_demo_validation\fake\Advanced\DALLE3\dalle3\20231102143933b82206831d45b85d\8827bc077de741766587398f992bbd61.jpg,DALLE_Advanced,fake,1,1024,1024,0.18074126541614532,0.55657113,0,real,0,false_negative,761
baseline2_njr,E:\TikTokTechJam\Track5Data(1)\Track5Data\official_demo_validation\fake\Advanced\DALLE3\dalle3\2023110215025084768300d30fc34f\8827bc077de741766587398f992bbd61.jpg,DALLE_Advanced,fake,1,1024,1024,0.18074126541614532,0.55657113,0,real,0,false_negative,762
baseline2_njr,E:\TikTokTechJam\Track5Data(1)\Track5Data\official_demo_validation\fake\Advanced\DALLE3\dalle3\202311070924598319e76b1a88ba6c\8827bc077de741766587398f992bbd61.jpg,DALLE_Advanced,fake,1,1024,1024,0.18074126541614532,0.55657113,0,real,0,false_negative,763
baseline2_njr,E:\TikTokTechJam\Track5Data(1)\Track5Data\official_demo_validation\fake\Advanced\DALLE3\dalle3\202311011943129901ca391019566e\57555dfc11964013782f627261a7f580.jpg,DALLE_Advanced,fake,1,1024,1024,0.18090152740478516,0.55657113,0,real,0,false_negative,764
baseline2_njr,E:\TikTokTechJam\Track5Data(1)\Track5Data\official_demo_validation\fake\Advanced\DALLE3\dalle3\202311011943129901ca391019566e\2c792457c59a478d71aa8aa5e3ce4b82.jpg,DALLE_Advanced,fake,1,1024,1024,0.1813938319683075,0.55657113,0,real,0,false_negative,765
baseline2_njr,E:\TikTokTechJam\Track5Data(1)\Track5Data\official_demo_validation\fake\Advanced\DALLE3\dalle3\20231102143933b82206831d45b85d\d4b1d8f03c5a0ce2f4ca402b6ca794e1.jpg,DALLE_Advanced,fake,1,1024,1024,0.18181833624839783,0.55657113,0,real,0,false_negative,766
baseline2_njr,E:\TikTokTechJam\Track5Data(1)\Track5Data\official_demo_validation\fake\Advanced\DALLE3\dalle3\2023110215025084768300d30fc34f\d4b1d8f03c5a0ce2f4ca402b6ca794e1.jpg,DALLE_Advanced,fake,1,1024,1024,0.18181833624839783,0.55657113,0,real,0,false_negative,767
baseline2_njr,E:\TikTokTechJam\Track5Data(1)\Track5Data\official_demo_validation\fake\Advanced\DALLE3\dalle3\20231103102150b17aad067ad7e034\d4b1d8f03c5a0ce2f4ca402b6ca794e1.jpg,DALLE_Advanced,fake,1,1024,1024,0.18181833624839783,0.55657113,0,real,0,false_negative,768
baseline2_njr,E:\TikTokTechJam\Track5Data(1)\Track5Data\official_demo_validation\fake\Advanced\DALLE3\dalle3\202311070924598319e76b1a88ba6c\d4b1d8f03c5a0ce2f4ca402b6ca794e1.jpg,DALLE_Advanced,fake,1,1024,1024,0.18181833624839783,0.55657113,0,real,0,false_negative,769
baseline2_njr,E:\TikTokTechJam\Track5Data(1)\Track5Data\official_demo_validation\fake\Advanced\DALLE3\dalle3\20231102143933b82206831d45b85d\a55bd348067551fa47232c0b9b5309b3.jpg,DALLE_Advanced,fake,1,1024,1024,0.18336404860019684,0.55657113,0,real,0,false_negative,770
baseline2_njr,E:\TikTokTechJam\Track5Data(1)\Track5Data\official_demo_validation\fake\Advanced\DALLE3\dalle3\2023110215025084768300d30fc34f\a55bd348067551fa47232c0b9b5309b3.jpg,DALLE_Advanced,fake,1,1024,1024,0.18336404860019684,0.55657113,0,real,0,false_negative,771
baseline2_njr,E:\TikTokTechJam\Track5Data(1)\Track5Data\official_demo_validation\fake\Advanced\DALLE3\dalle3\20231103102150b17aad067ad7e034\a55bd348067551fa47232c0b9b5309b3.jpg,DALLE_Advanced,fake,1,1024,1024,0.18336404860019684,0.55657113,0,real,0,false_negative,772
baseline2_njr,E:\TikTokTechJam\Track5Data(1)\Track5Data\official_demo_validation\fake\Advanced\DALLE3\dalle3\202311070924598319e76b1a88ba6c\a55bd348067551fa47232c0b9b5309b3.jpg,DALLE_Advanced,fake,1,1024,1024,0.18336404860019684,0.55657113,0,real,0,false_negative,773
baseline2_njr,E:\TikTokTechJam\Track5Data(1)\Track5Data\official_demo_validation\fake\Advanced\DALLE3\dalle3\20231102143933b82206831d45b85d\366fd74433d5db99b9e4b7d37b01346c.jpg,DALLE_Advanced,fake,1,1024,1024,0.18492348492145538,0.55657113,0,real,0,false_negative,774
baseline2_njr,E:\TikTokTechJam\Track5Data(1)\Track5Data\official_demo_validation\fake\Advanced\DALLE3\dalle3\2023110215025084768300d30fc34f\366fd74433d5db99b9e4b7d37b01346c.jpg,DALLE_Advanced,fake,1,1024,1024,0.18492348492145538,0.55657113,0,real,0,false_negative,775
baseline2_njr,E:\TikTokTechJam\Track5Data(1)\Track5Data\official_demo_validation\fake\Advanced\DALLE3\dalle3\20231103102150b17aad067ad7e034\366fd74433d5db99b9e4b7d37b01346c.jpg,DALLE_Advanced,fake,1,1024,1024,0.18492348492145538,0.55657113,0,real,0,false_negative,776
baseline2_njr,E:\TikTokTechJam\Track5Data(1)\Track5Data\official_demo_validation\fake\Advanced\DALLE3\dalle3\202311070924598319e76b1a88ba6c\366fd74433d5db99b9e4b7d37b01346c.jpg,DALLE_Advanced,fake,1,1024,1024,0.18492348492145538,0.55657113,0,real,0,false_negative,777
baseline2_njr,E:\TikTokTechJam\Track5Data(1)\Track5Data\official_demo_validation\fake\Advanced\DALLE3\dalle3\20231102143933b82206831d45b85d\c38d54a36e77bae24a12080e49158d63.jpg,DALLE_Advanced,fake,1,1792,1024,0.18665899336338043,0.55657113,0,real,0,false_negative,778
baseline2_njr,E:\TikTokTechJam\Track5Data(1)\Track5Data\official_demo_validation\fake\Advanced\DALLE3\dalle3\2023110215025084768300d30fc34f\c38d54a36e77bae24a12080e49158d63.jpg,DALLE_Advanced,fake,1,1792,1024,0.18665899336338043,0.55657113,0,real,0,false_negative,779
baseline2_njr,E:\TikTokTechJam\Track5Data(1)\Track5Data\official_demo_validation\fake\Advanced\DALLE3\dalle3\20231103102150b17aad067ad7e034\c38d54a36e77bae24a12080e49158d63.jpg,DALLE_Advanced,fake,1,1792,1024,0.18665899336338043,0.55657113,0,real,0,false_negative,780
baseline2_njr,E:\TikTokTechJam\Track5Data(1)\Track5Data\official_demo_validation\fake\Advanced\DALLE3\dalle3\202311070924598319e76b1a88ba6c\c38d54a36e77bae24a12080e49158d63.jpg,DALLE_Advanced,fake,1,1792,1024,0.18665899336338043,0.55657113,0,real,0,false_negative,781
baseline2_njr,E:\TikTokTechJam\Track5Data(1)\Track5Data\official_demo_validation\fake\Advanced\DALLE3\dalle3\20231102143933b82206831d45b85d\054f46422c7cc502e62cdf44f1f7d7a6.jpg,DALLE_Advanced,fake,1,1024,1024,0.1884523630142212,0.55657113,0,real,0,false_negative,782
baseline2_njr,E:\TikTokTechJam\Track5Data(1)\Track5Data\official_demo_validation\fake\Advanced\DALLE3\dalle3\2023110215025084768300d30fc34f\054f46422c7cc502e62cdf44f1f7d7a6.jpg,DALLE_Advanced,fake,1,1024,1024,0.1884523630142212,0.55657113,0,real,0,false_negative,783
baseline2_njr,E:\TikTokTechJam\Track5Data(1)\Track5Data\official_demo_validation\fake\Advanced\DALLE3\dalle3\20231103102150b17aad067ad7e034\054f46422c7cc502e62cdf44f1f7d7a6.jpg,DALLE_Advanced,fake,1,1024,1024,0.1884523630142212,0.55657113,0,real,0,false_negative,784
baseline2_njr,E:\TikTokTechJam\Track5Data(1)\Track5Data\official_demo_validation\fake\Advanced\DALLE3\dalle3\202311070924598319e76b1a88ba6c\054f46422c7cc502e62cdf44f1f7d7a6.jpg,DALLE_Advanced,fake,1,1024,1024,0.1884523630142212,0.55657113,0,real,0,false_negative,785
baseline2_njr,E:\TikTokTechJam\Track5Data(1)\Track5Data\official_demo_validation\fake\Advanced\DALLE3\dalle3\202311070924598319e76b1a88ba6c\d95ab715635fa0b37cf008585a8c8317.jpg,DALLE_Advanced,fake,1,1024,1024,0.1891346275806427,0.55657113,0,real,0,false_negative,786
baseline2_njr,E:\TikTokTechJam\Track5Data(1)\Track5Data\official_demo_validation\fake\Advanced\DALLE3\dalle3\20231102143933b82206831d45b85d\aac0d085e87da06a00e7792c593ec91f.jpg,DALLE_Advanced,fake,1,1024,1024,0.1908535212278366,0.55657113,0,real,0,false_negative,787
baseline2_njr,E:\TikTokTechJam\Track5Data(1)\Track5Data\official_demo_validation\fake\Advanced\DALLE3\dalle3\2023110215025084768300d30fc34f\aac0d085e87da06a00e7792c593ec91f.jpg,DALLE_Advanced,fake,1,1024,1024,0.1908535212278366,0.55657113,0,real,0,false_negative,788
baseline2_njr,E:\TikTokTechJam\Track5Data(1)\Track5Data\official_demo_validation\fake\Advanced\DALLE3\dalle3\20231103102150b17aad067ad7e034\aac0d085e87da06a00e7792c593ec91f.jpg,DALLE_Advanced,fake,1,1024,1024,0.1908535212278366,0.55657113,0,real,0,false_negative,789
baseline2_njr,E:\TikTokTechJam\Track5Data(1)\Track5Data\official_demo_validation\fake\Advanced\DALLE3\dalle3\202311070924598319e76b1a88ba6c\aac0d085e87da06a00e7792c593ec91f.jpg,DALLE_Advanced,fake,1,1024,1024,0.1908535212278366,0.55657113,0,real,0,false_negative,790
baseline2_njr,E:\TikTokTechJam\Track5Data(1)\Track5Data\official_demo_validation\fake\Advanced\DALLE3\dalle3\202311011943129901ca391019566e\c505a766a80a0d6cd8021e805df51410.jpg,DALLE_Advanced,fake,1,1024,1024,0.19413040578365326,0.55657113,0,real,0,false_negative,791
baseline2_njr,E:\TikTokTechJam\Track5Data(1)\Track5Data\official_demo_validation\fake\Advanced\DALLE3\dalle3\20231102143933b82206831d45b85d\368d95e962a8c9f1de66482c14cf60ee.jpg,DALLE_Advanced,fake,1,1024,1024,0.19439645111560822,0.55657113,0,real,0,false_negative,792
baseline2_njr,E:\TikTokTechJam\Track5Data(1)\Track5Data\official_demo_validation\fake\Advanced\DALLE3\dalle3\2023110215025084768300d30fc34f\368d95e962a8c9f1de66482c14cf60ee.jpg,DALLE_Advanced,fake,1,1024,1024,0.19439645111560822,0.55657113,0,real,0,false_negative,793
baseline2_njr,E:\TikTokTechJam\Track5Data(1)\Track5Data\official_demo_validation\fake\Advanced\DALLE3\dalle3\202311011943129901ca391019566e\dae62ee6a70a5780d0277dde6de21f1b.jpg,DALLE_Advanced,fake,1,1024,1024,0.19728754460811615,0.55657113,0,real,0,false_negative,794
baseline2_njr,E:\TikTokTechJam\Track5Data(1)\Track5Data\official_demo_validation\fake\Advanced\DALLE3\dalle3\20231102143933b82206831d45b85d\17a44899c94616da852a1be3cb60cbc0.jpg,DALLE_Advanced,fake,1,1024,1024,0.1981426626443863,0.55657113,0,real,0,false_negative,795
baseline2_njr,E:\TikTokTechJam\Track5Data(1)\Track5Data\official_demo_validation\fake\Advanced\DALLE3\dalle3\2023110215025084768300d30fc34f\17a44899c94616da852a1be3cb60cbc0.jpg,DALLE_Advanced,fake,1,1024,1024,0.1981426626443863,0.55657113,0,real,0,false_negative,796
baseline2_njr,E:\TikTokTechJam\Track5Data(1)\Track5Data\official_demo_validation\fake\Advanced\DALLE3\dalle3\20231103102150b17aad067ad7e034\17a44899c94616da852a1be3cb60cbc0.jpg,DALLE_Advanced,fake,1,1024,1024,0.1981426626443863,0.55657113,0,real,0,false_negative,797
baseline2_njr,E:\TikTokTechJam\Track5Data(1)\Track5Data\official_demo_validation\fake\Advanced\DALLE3\dalle3\202311070924598319e76b1a88ba6c\17a44899c94616da852a1be3cb60cbc0.jpg,DALLE_Advanced,fake,1,1024,1024,0.1981426626443863,0.55657113,0,real,0,false_negative,798
baseline2_njr,E:\TikTokTechJam\Track5Data(1)\Track5Data\official_demo_validation\fake\Advanced\DALLE3\dalle3\20231102143933b82206831d45b85d\0a91eb995bc069847ae7f2bbe17f0af5.jpg,DALLE_Advanced,fake,1,1024,1024,0.20384913682937622,0.55657113,0,real,0,false_negative,799
baseline2_njr,E:\TikTokTechJam\Track5Data(1)\Track5Data\official_demo_validation\fake\Advanced\DALLE3\dalle3\2023110215025084768300d30fc34f\0a91eb995bc069847ae7f2bbe17f0af5.jpg,DALLE_Advanced,fake,1,1024,1024,0.20384913682937622,0.55657113,0,real,0,false_negative,800
baseline2_njr,E:\TikTokTechJam\Track5Data(1)\Track5Data\official_demo_validation\fake\Advanced\DALLE3\dalle3\20231103102150b17aad067ad7e034\0a91eb995bc069847ae7f2bbe17f0af5.jpg,DALLE_Advanced,fake,1,1024,1024,0.20384913682937622,0.55657113,0,real,0,false_negative,801
baseline2_njr,E:\TikTokTechJam\Track5Data(1)\Track5Data\official_demo_validation\fake\Advanced\DALLE3\dalle3\202311070924598319e76b1a88ba6c\0a91eb995bc069847ae7f2bbe17f0af5.jpg,DALLE_Advanced,fake,1,1024,1024,0.20384913682937622,0.55657113,0,real,0,false_negative,802
baseline2_njr,E:\TikTokTechJam\Track5Data(1)\Track5Data\official_demo_validation\fake\Advanced\DALLE3\dalle3\202311011943129901ca391019566e\ddb550f725a37ea3bbb8a4bcec3c8d1b.jpg,DALLE_Advanced,fake,1,1024,1024,0.20613938570022583,0.55657113,0,real,0,false_negative,803
baseline2_njr,E:\TikTokTechJam\Track5Data(1)\Track5Data\official_demo_validation\fake\Advanced\DALLE3\dalle3\20231102143933b82206831d45b85d\2dc27537b87d7d2397fb36e64ae99bdb.jpg,DALLE_Advanced,fake,1,1024,1024,0.20960849523544312,0.55657113,0,real,0,false_negative,804
baseline2_njr,E:\TikTokTechJam\Track5Data(1)\Track5Data\official_demo_validation\fake\Advanced\DALLE3\dalle3\2023110215025084768300d30fc34f\2dc27537b87d7d2397fb36e64ae99bdb.jpg,DALLE_Advanced,fake,1,1024,1024,0.20960849523544312,0.55657113,0,real,0,false_negative,805
baseline2_njr,E:\TikTokTechJam\Track5Data(1)\Track5Data\official_demo_validation\fake\Advanced\DALLE3\dalle3\20231103102150b17aad067ad7e034\2dc27537b87d7d2397fb36e64ae99bdb.jpg,DALLE_Advanced,fake,1,1024,1024,0.20960849523544312,0.55657113,0,real,0,false_negative,806
baseline2_njr,E:\TikTokTechJam\Track5Data(1)\Track5Data\official_demo_validation\fake\Advanced\DALLE3\dalle3\202311070924598319e76b1a88ba6c\2dc27537b87d7d2397fb36e64ae99bdb.jpg,DALLE_Advanced,fake,1,1024,1024,0.20960849523544312,0.55657113,0,real,0,false_negative,807
baseline2_njr,E:\TikTokTechJam\Track5Data(1)\Track5Data\official_demo_validation\fake\Advanced\DALLE3\dalle3\20231102143933b82206831d45b85d\b50f0f8c2a63ee755d32abe9e2835587.jpg,DALLE_Advanced,fake,1,1024,1024,0.21918413043022156,0.55657113,0,real,0,false_negative,808
baseline2_njr,E:\TikTokTechJam\Track5Data(1)\Track5Data\official_demo_validation\fake\Advanced\DALLE3\dalle3\2023110215025084768300d30fc34f\b50f0f8c2a63ee755d32abe9e2835587.jpg,DALLE_Advanced,fake,1,1024,1024,0.21918413043022156,0.55657113,0,real,0,false_negative,809
baseline2_njr,E:\TikTokTechJam\Track5Data(1)\Track5Data\official_demo_validation\fake\Advanced\DALLE3\dalle3\20231103102150b17aad067ad7e034\b50f0f8c2a63ee755d32abe9e2835587.jpg,DALLE_Advanced,fake,1,1024,1024,0.21918413043022156,0.55657113,0,real,0,false_negative,810
baseline2_njr,E:\TikTokTechJam\Track5Data(1)\Track5Data\official_demo_validation\fake\Advanced\DALLE3\dalle3\202311070924598319e76b1a88ba6c\b50f0f8c2a63ee755d32abe9e2835587.jpg,DALLE_Advanced,fake,1,1024,1024,0.21918413043022156,0.55657113,0,real,0,false_negative,811
baseline2_njr,E:\TikTokTechJam\Track5Data(1)\Track5Data\official_demo_validation\fake\Advanced\DALLE3\dalle3\20231102143933b82206831d45b85d\3f374e30c9051fed6614f8a2caaeb32a.jpg,DALLE_Advanced,fake,1,1024,1024,0.22184009850025177,0.55657113,0,real,0,false_negative,812
baseline2_njr,E:\TikTokTechJam\Track5Data(1)\Track5Data\official_demo_validation\fake\Advanced\DALLE3\dalle3\2023110215025084768300d30fc34f\3f374e30c9051fed6614f8a2caaeb32a.jpg,DALLE_Advanced,fake,1,1024,1024,0.22184009850025177,0.55657113,0,real,0,false_negative,813
baseline2_njr,E:\TikTokTechJam\Track5Data(1)\Track5Data\official_demo_validation\fake\Advanced\DALLE3\dalle3\20231103102150b17aad067ad7e034\3f374e30c9051fed6614f8a2caaeb32a.jpg,DALLE_Advanced,fake,1,1024,1024,0.22184009850025177,0.55657113,0,real,0,false_negative,814
baseline2_njr,E:\TikTokTechJam\Track5Data(1)\Track5Data\official_demo_validation\fake\Advanced\DALLE3\dalle3\202311070924598319e76b1a88ba6c\3f374e30c9051fed6614f8a2caaeb32a.jpg,DALLE_Advanced,fake,1,1024,1024,0.22184009850025177,0.55657113,0,real,0,false_negative,815
baseline2_njr,E:\TikTokTechJam\Track5Data(1)\Track5Data\official_demo_validation\fake\Advanced\DALLE3\dalle3\20231102143933b82206831d45b85d\6f0af1e005e4acebe09f668f52464a67.jpg,DALLE_Advanced,fake,1,1024,1024,0.2252490073442459,0.55657113,0,real,0,false_negative,816
baseline2_njr,E:\TikTokTechJam\Track5Data(1)\Track5Data\official_demo_validation\fake\Advanced\DALLE3\dalle3\2023110215025084768300d30fc34f\6f0af1e005e4acebe09f668f52464a67.jpg,DALLE_Advanced,fake,1,1024,1024,0.2252490073442459,0.55657113,0,real,0,false_negative,817
baseline2_njr,E:\TikTokTechJam\Track5Data(1)\Track5Data\official_demo_validation\fake\Advanced\DALLE3\dalle3\20231103102150b17aad067ad7e034\6f0af1e005e4acebe09f668f52464a67.jpg,DALLE_Advanced,fake,1,1024,1024,0.2252490073442459,0.55657113,0,real,0,false_negative,818
baseline2_njr,E:\TikTokTechJam\Track5Data(1)\Track5Data\official_demo_validation\fake\Advanced\DALLE3\dalle3\202311070924598319e76b1a88ba6c\6f0af1e005e4acebe09f668f52464a67.jpg,DALLE_Advanced,fake,1,1024,1024,0.2252490073442459,0.55657113,0,real,0,false_negative,819
baseline2_njr,E:\TikTokTechJam\Track5Data(1)\Track5Data\official_demo_validation\fake\Advanced\DALLE3\dalle3\202311011943129901ca391019566e\aca2372360c004ec13e7858d32c2e6bd.jpg,DALLE_Advanced,fake,1,1024,1024,0.22625842690467834,0.55657113,0,real,0,false_negative,820
baseline2_njr,E:\TikTokTechJam\Track5Data(1)\Track5Data\official_demo_validation\fake\Advanced\DALLE3\dalle3\20231102143933b82206831d45b85d\cbc8e9379a0cb6b1d0c04a6cb97064a0.jpg,DALLE_Advanced,fake,1,1024,1024,0.2302730530500412,0.55657113,0,real,0,false_negative,821
baseline2_njr,E:\TikTokTechJam\Track5Data(1)\Track5Data\official_demo_validation\fake\Advanced\DALLE3\dalle3\2023110215025084768300d30fc34f\cbc8e9379a0cb6b1d0c04a6cb97064a0.jpg,DALLE_Advanced,fake,1,1024,1024,0.2302730530500412,0.55657113,0,real,0,false_negative,822
baseline2_njr,E:\TikTokTechJam\Track5Data(1)\Track5Data\official_demo_validation\fake\Advanced\DALLE3\dalle3\20231102143933b82206831d45b85d\bdf13e05e146afb53faea1e5916f0d70.jpg,DALLE_Advanced,fake,1,1792,1024,0.23091855645179749,0.55657113,0,real,0,false_negative,823
baseline2_njr,E:\TikTokTechJam\Track5Data(1)\Track5Data\official_demo_validation\fake\Advanced\DALLE3\dalle3\2023110215025084768300d30fc34f\bdf13e05e146afb53faea1e5916f0d70.jpg,DALLE_Advanced,fake,1,1792,1024,0.23091855645179749,0.55657113,0,real,0,false_negative,824
baseline2_njr,E:\TikTokTechJam\Track5Data(1)\Track5Data\official_demo_validation\fake\Advanced\DALLE3\dalle3\20231103102150b17aad067ad7e034\bdf13e05e146afb53faea1e5916f0d70.jpg,DALLE_Advanced,fake,1,1792,1024,0.23091855645179749,0.55657113,0,real,0,false_negative,825
baseline2_njr,E:\TikTokTechJam\Track5Data(1)\Track5Data\official_demo_validation\fake\Advanced\DALLE3\dalle3\202311070924598319e76b1a88ba6c\bdf13e05e146afb53faea1e5916f0d70.jpg,DALLE_Advanced,fake,1,1792,1024,0.23091855645179749,0.55657113,0,real,0,false_negative,826
baseline2_njr,E:\TikTokTechJam\Track5Data(1)\Track5Data\official_demo_validation\fake\Advanced\DALLE3\dalle3\202311011943129901ca391019566e\843234d1265691d4eb21623a31c25550.jpg,DALLE_Advanced,fake,1,1024,1024,0.23365017771720886,0.55657113,0,real,0,false_negative,827
baseline2_njr,E:\TikTokTechJam\Track5Data(1)\Track5Data\official_demo_validation\fake\Advanced\DALLE3\dalle3\20231102143933b82206831d45b85d\b1ff75842d6ee2091a598596370af829.jpg,DALLE_Advanced,fake,1,1024,1024,0.2336532026529312,0.55657113,0,real,0,false_negative,828
baseline2_njr,E:\TikTokTechJam\Track5Data(1)\Track5Data\official_demo_validation\fake\Advanced\DALLE3\dalle3\2023110215025084768300d30fc34f\b1ff75842d6ee2091a598596370af829.jpg,DALLE_Advanced,fake,1,1024,1024,0.2336532026529312,0.55657113,0,real,0,false_negative,829
baseline2_njr,E:\TikTokTechJam\Track5Data(1)\Track5Data\official_demo_validation\fake\Advanced\DALLE3\dalle3\20231103102150b17aad067ad7e034\b1ff75842d6ee2091a598596370af829.jpg,DALLE_Advanced,fake,1,1024,1024,0.2336532026529312,0.55657113,0,real,0,false_negative,830
baseline2_njr,E:\TikTokTechJam\Track5Data(1)\Track5Data\official_demo_validation\fake\Advanced\DALLE3\dalle3\202311070924598319e76b1a88ba6c\b1ff75842d6ee2091a598596370af829.jpg,DALLE_Advanced,fake,1,1024,1024,0.2336532026529312,0.55657113,0,real,0,false_negative,831
baseline2_njr,E:\TikTokTechJam\Track5Data(1)\Track5Data\official_demo_validation\fake\Advanced\DALLE3\dalle3\202311011943129901ca391019566e\ad66a6a508c1390891ff5b18225442a5.jpg,DALLE_Advanced,fake,1,1024,1024,0.2343589812517166,0.55657113,0,real,0,false_negative,832
baseline2_njr,E:\TikTokTechJam\Track5Data(1)\Track5Data\official_demo_validation\fake\Advanced\DALLE3\dalle3\20231102143933b82206831d45b85d\37f88ba0fd3718bd92edd863a6455acb.jpg,DALLE_Advanced,fake,1,1024,1024,0.2347964644432068,0.55657113,0,real,0,false_negative,833
baseline2_njr,E:\TikTokTechJam\Track5Data(1)\Track5Data\official_demo_validation\fake\Advanced\DALLE3\dalle3\2023110215025084768300d30fc34f\37f88ba0fd3718bd92edd863a6455acb.jpg,DALLE_Advanced,fake,1,1024,1024,0.2347964644432068,0.55657113,0,real,0,false_negative,834
baseline2_njr,E:\TikTokTechJam\Track5Data(1)\Track5Data\official_demo_validation\fake\Advanced\DALLE3\dalle3\20231103102150b17aad067ad7e034\37f88ba0fd3718bd92edd863a6455acb.jpg,DALLE_Advanced,fake,1,1024,1024,0.2347964644432068,0.55657113,0,real,0,false_negative,835
baseline2_njr,E:\TikTokTechJam\Track5Data(1)\Track5Data\official_demo_validation\fake\Advanced\DALLE3\dalle3\202311070924598319e76b1a88ba6c\37f88ba0fd3718bd92edd863a6455acb.jpg,DALLE_Advanced,fake,1,1024,1024,0.2347964644432068,0.55657113,0,real,0,false_negative,836
baseline2_njr,E:\TikTokTechJam\Track5Data(1)\Track5Data\official_demo_validation\fake\Advanced\DALLE3\dalle3\20231102143933b82206831d45b85d\c925e0ca0041ada702c410530e56fcec.jpg,DALLE_Advanced,fake,1,1024,1024,0.2362978607416153,0.55657113,0,real,0,false_negative,837
baseline2_njr,E:\TikTokTechJam\Track5Data(1)\Track5Data\official_demo_validation\fake\Advanced\DALLE3\dalle3\2023110215025084768300d30fc34f\c925e0ca0041ada702c410530e56fcec.jpg,DALLE_Advanced,fake,1,1024,1024,0.2362978607416153,0.55657113,0,real,0,false_negative,838
baseline2_njr,E:\TikTokTechJam\Track5Data(1)\Track5Data\official_demo_validation\fake\Advanced\DALLE3\dalle3\20231103102150b17aad067ad7e034\c925e0ca0041ada702c410530e56fcec.jpg,DALLE_Advanced,fake,1,1024,1024,0.2362978607416153,0.55657113,0,real,0,false_negative,839
baseline2_njr,E:\TikTokTechJam\Track5Data(1)\Track5Data\official_demo_validation\fake\Advanced\DALLE3\dalle3\202311070924598319e76b1a88ba6c\c925e0ca0041ada702c410530e56fcec.jpg,DALLE_Advanced,fake,1,1024,1024,0.2362978607416153,0.55657113,0,real,0,false_negative,840
baseline2_njr,E:\TikTokTechJam\Track5Data(1)\Track5Data\official_demo_validation\fake\Advanced\DALLE3\dalle3\20231102143933b82206831d45b85d\1408fe8ebb0ebfd904b12be32d823494.jpg,DALLE_Advanced,fake,1,1024,1024,0.23937839269638062,0.55657113,0,real,0,false_negative,841
baseline2_njr,E:\TikTokTechJam\Track5Data(1)\Track5Data\official_demo_validation\fake\Advanced\DALLE3\dalle3\2023110215025084768300d30fc34f\1408fe8ebb0ebfd904b12be32d823494.jpg,DALLE_Advanced,fake,1,1024,1024,0.23937839269638062,0.55657113,0,real,0,false_negative,842
baseline2_njr,E:\TikTokTechJam\Track5Data(1)\Track5Data\official_demo_validation\fake\Advanced\DALLE3\dalle3\20231102143933b82206831d45b85d\edd6c5becd7ebf1ca2e9ef6233470a0c.jpg,DALLE_Advanced,fake,1,1024,1024,0.2481868416070938,0.55657113,0,real,0,false_negative,843
baseline2_njr,E:\TikTokTechJam\Track5Data(1)\Track5Data\official_demo_validation\fake\Advanced\DALLE3\dalle3\2023110215025084768300d30fc34f\edd6c5becd7ebf1ca2e9ef6233470a0c.jpg,DALLE_Advanced,fake,1,1024,1024,0.2481868416070938,0.55657113,0,real,0,false_negative,844
baseline2_njr,E:\TikTokTechJam\Track5Data(1)\Track5Data\official_demo_validation\fake\Advanced\DALLE3\dalle3\20231103102150b17aad067ad7e034\edd6c5becd7ebf1ca2e9ef6233470a0c.jpg,DALLE_Advanced,fake,1,1024,1024,0.2481868416070938,0.55657113,0,real,0,false_negative,845
baseline2_njr,E:\TikTokTechJam\Track5Data(1)\Track5Data\official_demo_validation\fake\Advanced\DALLE3\dalle3\202311070924598319e76b1a88ba6c\edd6c5becd7ebf1ca2e9ef6233470a0c.jpg,DALLE_Advanced,fake,1,1024,1024,0.2481868416070938,0.55657113,0,real,0,false_negative,846
baseline2_njr,E:\TikTokTechJam\Track5Data(1)\Track5Data\official_demo_validation\fake\Advanced\DALLE3\dalle3\202311011943129901ca391019566e\95fd5ce0604748157ea305366c966e54.jpg,DALLE_Advanced,fake,1,1024,1024,0.24863220751285553,0.55657113,0,real,0,false_negative,847
baseline2_njr,E:\TikTokTechJam\Track5Data(1)\Track5Data\official_demo_validation\fake\Advanced\DALLE3\dalle3\202311011943129901ca391019566e\9708168a06d259f819ad6931e9c310d7.jpg,DALLE_Advanced,fake,1,1024,1024,0.25121861696243286,0.55657113,0,real,0,false_negative,848
baseline2_njr,E:\TikTokTechJam\Track5Data(1)\Track5Data\official_demo_validation\fake\Advanced\DALLE3\dalle3\202311011943129901ca391019566e\610398225edbea80f3418cc18512b8f2.jpg,DALLE_Advanced,fake,1,1024,1024,0.2536891996860504,0.55657113,0,real,0,false_negative,849
baseline2_njr,E:\TikTokTechJam\Track5Data(1)\Track5Data\official_demo_validation\fake\Advanced\DALLE3\dalle3\20231102143933b82206831d45b85d\18d47b15b2033ad747faa2e192c134d5.jpg,DALLE_Advanced,fake,1,1024,1024,0.25489532947540283,0.55657113,0,real,0,false_negative,850
baseline2_njr,E:\TikTokTechJam\Track5Data(1)\Track5Data\official_demo_validation\fake\Advanced\DALLE3\dalle3\2023110215025084768300d30fc34f\18d47b15b2033ad747faa2e192c134d5.jpg,DALLE_Advanced,fake,1,1024,1024,0.25489532947540283,0.55657113,0,real,0,false_negative,851
baseline2_njr,E:\TikTokTechJam\Track5Data(1)\Track5Data\official_demo_validation\fake\Advanced\DALLE3\dalle3\202311070924598319e76b1a88ba6c\18d47b15b2033ad747faa2e192c134d5.jpg,DALLE_Advanced,fake,1,1024,1024,0.25489532947540283,0.55657113,0,real,0,false_negative,852
baseline2_njr,E:\TikTokTechJam\Track5Data(1)\Track5Data\official_demo_validation\fake\Advanced\DALLE3\dalle3\202311011943129901ca391019566e\959af9f9066b112c5df3789e690af355.jpg,DALLE_Advanced,fake,1,1024,1024,0.25702106952667236,0.55657113,0,real,0,false_negative,853
baseline2_njr,E:\TikTokTechJam\Track5Data(1)\Track5Data\official_demo_validation\fake\Advanced\DALLE3\dalle3\20231102143933b82206831d45b85d\019fad6885977de39974ff2bf48447fd.jpg,DALLE_Advanced,fake,1,1024,1024,0.2603393793106079,0.55657113,0,real,0,false_negative,854
baseline2_njr,E:\TikTokTechJam\Track5Data(1)\Track5Data\official_demo_validation\fake\Advanced\DALLE3\dalle3\2023110215025084768300d30fc34f\019fad6885977de39974ff2bf48447fd.jpg,DALLE_Advanced,fake,1,1024,1024,0.2603393793106079,0.55657113,0,real,0,false_negative,855
baseline2_njr,E:\TikTokTechJam\Track5Data(1)\Track5Data\official_demo_validation\fake\Advanced\DALLE3\dalle3\20231103102150b17aad067ad7e034\019fad6885977de39974ff2bf48447fd.jpg,DALLE_Advanced,fake,1,1024,1024,0.2603393793106079,0.55657113,0,real,0,false_negative,856
baseline2_njr,E:\TikTokTechJam\Track5Data(1)\Track5Data\official_demo_validation\fake\Advanced\DALLE3\dalle3\202311070924598319e76b1a88ba6c\019fad6885977de39974ff2bf48447fd.jpg,DALLE_Advanced,fake,1,1024,1024,0.2603393793106079,0.55657113,0,real,0,false_negative,857
baseline2_njr,E:\TikTokTechJam\Track5Data(1)\Track5Data\official_demo_validation\fake\Advanced\DALLE3\dalle3\202311011943129901ca391019566e\aac063003ab0b411aac892501c8f169a.jpg,DALLE_Advanced,fake,1,1024,1024,0.2605247497558594,0.55657113,0,real,0,false_negative,858
baseline2_njr,E:\TikTokTechJam\Track5Data(1)\Track5Data\official_demo_validation\fake\Advanced\DALLE3\dalle3\202311011943129901ca391019566e\4ecac76b463f69b2623a6c2cec071bed.jpg,DALLE_Advanced,fake,1,1024,1024,0.2625669538974762,0.55657113,0,real,0,false_negative,859
baseline2_njr,E:\TikTokTechJam\Track5Data(1)\Track5Data\official_demo_validation\fake\Advanced\DALLE3\dalle3\20231102143933b82206831d45b85d\9a488bc77598341ee8497d6e275380ab.jpg,DALLE_Advanced,fake,1,1792,1024,0.26551246643066406,0.55657113,0,real,0,false_negative,860
baseline2_njr,E:\TikTokTechJam\Track5Data(1)\Track5Data\official_demo_validation\fake\Advanced\DALLE3\dalle3\2023110215025084768300d30fc34f\9a488bc77598341ee8497d6e275380ab.jpg,DALLE_Advanced,fake,1,1792,1024,0.26551246643066406,0.55657113,0,real,0,false_negative,861
baseline2_njr,E:\TikTokTechJam\Track5Data(1)\Track5Data\official_demo_validation\fake\Advanced\DALLE3\dalle3\20231103102150b17aad067ad7e034\9a488bc77598341ee8497d6e275380ab.jpg,DALLE_Advanced,fake,1,1792,1024,0.26551246643066406,0.55657113,0,real,0,false_negative,862
baseline2_njr,E:\TikTokTechJam\Track5Data(1)\Track5Data\official_demo_validation\fake\Advanced\DALLE3\dalle3\202311070924598319e76b1a88ba6c\9a488bc77598341ee8497d6e275380ab.jpg,DALLE_Advanced,fake,1,1792,1024,0.26551246643066406,0.55657113,0,real,0,false_negative,863
baseline2_njr,E:\TikTokTechJam\Track5Data(1)\Track5Data\official_demo_validation\fake\Advanced\DALLE3\dalle3\202311070924598319e76b1a88ba6c\3390fe5ca382e469f0ccff04bba1d0ca.jpg,DALLE_Advanced,fake,1,1024,1024,0.272102952003479,0.55657113,0,real,0,false_negative,864
baseline2_njr,E:\TikTokTechJam\Track5Data(1)\Track5Data\official_demo_validation\fake\Advanced\DALLE3\dalle3\20231102143933b82206831d45b85d\277e74ed96f6277eb6e38b84a3556f8a.jpg,DALLE_Advanced,fake,1,1024,1024,0.2837405502796173,0.55657113,0,real,0,false_negative,865
baseline2_njr,E:\TikTokTechJam\Track5Data(1)\Track5Data\official_demo_validation\fake\Advanced\DALLE3\dalle3\2023110215025084768300d30fc34f\277e74ed96f6277eb6e38b84a3556f8a.jpg,DALLE_Advanced,fake,1,1024,1024,0.2837405502796173,0.55657113,0,real,0,false_negative,866
baseline2_njr,E:\TikTokTechJam\Track5Data(1)\Track5Data\official_demo_validation\fake\Advanced\DALLE3\dalle3\20231102143933b82206831d45b85d\f92aa1474e9e467430a4be1e34e65a63.jpg,DALLE_Advanced,fake,1,1024,1024,0.28771287202835083,0.55657113,0,real,0,false_negative,867
baseline2_njr,E:\TikTokTechJam\Track5Data(1)\Track5Data\official_demo_validation\fake\Advanced\DALLE3\dalle3\2023110215025084768300d30fc34f\f92aa1474e9e467430a4be1e34e65a63.jpg,DALLE_Advanced,fake,1,1024,1024,0.28771287202835083,0.55657113,0,real,0,false_negative,868
baseline2_njr,E:\TikTokTechJam\Track5Data(1)\Track5Data\official_demo_validation\fake\Advanced\DALLE3\dalle3\20231103102150b17aad067ad7e034\f92aa1474e9e467430a4be1e34e65a63.jpg,DALLE_Advanced,fake,1,1024,1024,0.28771287202835083,0.55657113,0,real,0,false_negative,869
baseline2_njr,E:\TikTokTechJam\Track5Data(1)\Track5Data\official_demo_validation\fake\Advanced\DALLE3\dalle3\202311070924598319e76b1a88ba6c\f92aa1474e9e467430a4be1e34e65a63.jpg,DALLE_Advanced,fake,1,1024,1024,0.28771287202835083,0.55657113,0,real,0,false_negative,870
baseline2_njr,E:\TikTokTechJam\Track5Data(1)\Track5Data\official_demo_validation\fake\Advanced\DALLE3\dalle3\202311011943129901ca391019566e\9da977aa19391c67b08c0f37f494b8d1.jpg,DALLE_Advanced,fake,1,1024,1024,0.2895926535129547,0.55657113,0,real,0,false_negative,871
baseline2_njr,E:\TikTokTechJam\Track5Data(1)\Track5Data\official_demo_validation\fake\Advanced\DALLE3\dalle3\202311011943129901ca391019566e\70a13ea9acf1eb775481b5159a004957.jpg,DALLE_Advanced,fake,1,1024,1024,0.2905549108982086,0.55657113,0,real,0,false_negative,872
baseline2_njr,E:\TikTokTechJam\Track5Data(1)\Track5Data\official_demo_validation\fake\Advanced\DALLE3\dalle3\202311011943129901ca391019566e\54e19c68cfa927e82e880155f0129926.jpg,DALLE_Advanced,fake,1,1024,1024,0.2936444580554962,0.55657113,0,real,0,false_negative,873
baseline2_njr,E:\TikTokTechJam\Track5Data(1)\Track5Data\official_demo_validation\fake\Advanced\DALLE3\dalle3\20231102143933b82206831d45b85d\d6e8b39777ebc5061e400965e6b9f75a.jpg,DALLE_Advanced,fake,1,1024,1024,0.29903092980384827,0.55657113,0,real,0,false_negative,874
baseline2_njr,E:\TikTokTechJam\Track5Data(1)\Track5Data\official_demo_validation\fake\Advanced\DALLE3\dalle3\2023110215025084768300d30fc34f\d6e8b39777ebc5061e400965e6b9f75a.jpg,DALLE_Advanced,fake,1,1024,1024,0.29903092980384827,0.55657113,0,real,0,false_negative,875
baseline2_njr,E:\TikTokTechJam\Track5Data(1)\Track5Data\official_demo_validation\fake\Advanced\DALLE3\dalle3\20231103102150b17aad067ad7e034\d6e8b39777ebc5061e400965e6b9f75a.jpg,DALLE_Advanced,fake,1,1024,1024,0.29903092980384827,0.55657113,0,real,0,false_negative,876
baseline2_njr,E:\TikTokTechJam\Track5Data(1)\Track5Data\official_demo_validation\fake\Advanced\DALLE3\dalle3\202311070924598319e76b1a88ba6c\d6e8b39777ebc5061e400965e6b9f75a.jpg,DALLE_Advanced,fake,1,1024,1024,0.29903092980384827,0.55657113,0,real,0,false_negative,877
baseline2_njr,E:\TikTokTechJam\Track5Data(1)\Track5Data\official_demo_validation\fake\Advanced\DALLE3\dalle3\20231102143933b82206831d45b85d\9c2b19581f803ae0652d2a15bdf20b1f.jpg,DALLE_Advanced,fake,1,1024,1024,0.30157941579818726,0.55657113,0,real,0,false_negative,878
baseline2_njr,E:\TikTokTechJam\Track5Data(1)\Track5Data\official_demo_validation\fake\Advanced\DALLE3\dalle3\2023110215025084768300d30fc34f\9c2b19581f803ae0652d2a15bdf20b1f.jpg,DALLE_Advanced,fake,1,1024,1024,0.30157941579818726,0.55657113,0,real,0,false_negative,879
baseline2_njr,E:\TikTokTechJam\Track5Data(1)\Track5Data\official_demo_validation\fake\Advanced\DALLE3\dalle3\20231102143933b82206831d45b85d\fa9081f1abd2c9af7a60af5f53d3ee4d.jpg,DALLE_Advanced,fake,1,1792,1024,0.3061647415161133,0.55657113,0,real,0,false_negative,880
baseline2_njr,E:\TikTokTechJam\Track5Data(1)\Track5Data\official_demo_validation\fake\Advanced\DALLE3\dalle3\2023110215025084768300d30fc34f\fa9081f1abd2c9af7a60af5f53d3ee4d.jpg,DALLE_Advanced,fake,1,1792,1024,0.3061647415161133,0.55657113,0,real,0,false_negative,881
baseline2_njr,E:\TikTokTechJam\Track5Data(1)\Track5Data\official_demo_validation\fake\Advanced\DALLE3\dalle3\20231103102150b17aad067ad7e034\fa9081f1abd2c9af7a60af5f53d3ee4d.jpg,DALLE_Advanced,fake,1,1792,1024,0.3061647415161133,0.55657113,0,real,0,false_negative,882
baseline2_njr,E:\TikTokTechJam\Track5Data(1)\Track5Data\official_demo_validation\fake\Advanced\DALLE3\dalle3\202311070924598319e76b1a88ba6c\fa9081f1abd2c9af7a60af5f53d3ee4d.jpg,DALLE_Advanced,fake,1,1792,1024,0.3061647415161133,0.55657113,0,real,0,false_negative,883
baseline2_njr,E:\TikTokTechJam\Track5Data(1)\Track5Data\official_demo_validation\fake\Advanced\DALLE3\dalle3\20231103102150b17aad067ad7e034\8594b1310eff14fc17afc88602279a45.jpg,DALLE_Advanced,fake,1,1792,1024,0.30814942717552185,0.55657113,0,real,0,false_negative,884
baseline2_njr,E:\TikTokTechJam\Track5Data(1)\Track5Data\official_demo_validation\fake\Advanced\DALLE3\dalle3\202311011943129901ca391019566e\87bca0125b6a0f417dabb95f0ae6f844.jpg,DALLE_Advanced,fake,1,1024,1024,0.3118172585964203,0.55657113,0,real,0,false_negative,885
baseline2_njr,E:\TikTokTechJam\Track5Data(1)\Track5Data\official_demo_validation\fake\Advanced\DALLE3\dalle3\202311011943129901ca391019566e\b3096760739e21cdd2f82c3b2b8a8b40.jpg,DALLE_Advanced,fake,1,1024,1024,0.3118804097175598,0.55657113,0,real,0,false_negative,886
baseline2_njr,E:\TikTokTechJam\Track5Data(1)\Track5Data\official_demo_validation\fake\Advanced\DALLE3\dalle3\20231102143933b82206831d45b85d\69afd4956c327cd77fd703f155cd3e7c.jpg,DALLE_Advanced,fake,1,1024,1024,0.311983585357666,0.55657113,0,real,0,false_negative,887
baseline2_njr,E:\TikTokTechJam\Track5Data(1)\Track5Data\official_demo_validation\fake\Advanced\DALLE3\dalle3\2023110215025084768300d30fc34f\69afd4956c327cd77fd703f155cd3e7c.jpg,DALLE_Advanced,fake,1,1024,1024,0.311983585357666,0.55657113,0,real,0,false_negative,888
baseline2_njr,E:\TikTokTechJam\Track5Data(1)\Track5Data\official_demo_validation\fake\Advanced\DALLE3\dalle3\20231103102150b17aad067ad7e034\69afd4956c327cd77fd703f155cd3e7c.jpg,DALLE_Advanced,fake,1,1024,1024,0.311983585357666,0.55657113,0,real,0,false_negative,889
baseline2_njr,E:\TikTokTechJam\Track5Data(1)\Track5Data\official_demo_validation\fake\Advanced\DALLE3\dalle3\202311070924598319e76b1a88ba6c\69afd4956c327cd77fd703f155cd3e7c.jpg,DALLE_Advanced,fake,1,1024,1024,0.311983585357666,0.55657113,0,real,0,false_negative,890
baseline2_njr,E:\TikTokTechJam\Track5Data(1)\Track5Data\official_demo_validation\fake\Advanced\DALLE3\dalle3\20231102143933b82206831d45b85d\e73f047b0e71465592f286af9283f968.jpg,DALLE_Advanced,fake,1,1024,1024,0.31654423475265503,0.55657113,0,real,0,false_negative,891
baseline2_njr,E:\TikTokTechJam\Track5Data(1)\Track5Data\official_demo_validation\fake\Advanced\DALLE3\dalle3\2023110215025084768300d30fc34f\e73f047b0e71465592f286af9283f968.jpg,DALLE_Advanced,fake,1,1024,1024,0.31654423475265503,0.55657113,0,real,0,false_negative,892
baseline2_njr,E:\TikTokTechJam\Track5Data(1)\Track5Data\official_demo_validation\fake\Advanced\DALLE3\dalle3\20231103102150b17aad067ad7e034\e73f047b0e71465592f286af9283f968.jpg,DALLE_Advanced,fake,1,1024,1024,0.31654423475265503,0.55657113,0,real,0,false_negative,893
baseline2_njr,E:\TikTokTechJam\Track5Data(1)\Track5Data\official_demo_validation\fake\Advanced\DALLE3\dalle3\202311070924598319e76b1a88ba6c\e73f047b0e71465592f286af9283f968.jpg,DALLE_Advanced,fake,1,1024,1024,0.31654423475265503,0.55657113,0,real,0,false_negative,894
baseline2_njr,E:\TikTokTechJam\Track5Data(1)\Track5Data\official_demo_validation\fake\Advanced\DALLE3\dalle3\20231102143933b82206831d45b85d\e7f794c9cbcf44f90cdce569b52e53c0.jpg,DALLE_Advanced,fake,1,1024,1024,0.32032719254493713,0.55657113,0,real,0,false_negative,895
baseline2_njr,E:\TikTokTechJam\Track5Data(1)\Track5Data\official_demo_validation\fake\Advanced\DALLE3\dalle3\2023110215025084768300d30fc34f\e7f794c9cbcf44f90cdce569b52e53c0.jpg,DALLE_Advanced,fake,1,1024,1024,0.32032719254493713,0.55657113,0,real,0,false_negative,896
baseline2_njr,E:\TikTokTechJam\Track5Data(1)\Track5Data\official_demo_validation\fake\Advanced\DALLE3\dalle3\20231103102150b17aad067ad7e034\e7f794c9cbcf44f90cdce569b52e53c0.jpg,DALLE_Advanced,fake,1,1024,1024,0.32032719254493713,0.55657113,0,real,0,false_negative,897
baseline2_njr,E:\TikTokTechJam\Track5Data(1)\Track5Data\official_demo_validation\fake\Advanced\DALLE3\dalle3\202311070924598319e76b1a88ba6c\e7f794c9cbcf44f90cdce569b52e53c0.jpg,DALLE_Advanced,fake,1,1024,1024,0.32032719254493713,0.55657113,0,real,0,false_negative,898
baseline2_njr,E:\TikTokTechJam\Track5Data(1)\Track5Data\official_demo_validation\fake\Advanced\DALLE3\dalle3\202311011943129901ca391019566e\a4c1a07ecb0a5cd6f2ca29572120f434.jpg,DALLE_Advanced,fake,1,1024,1024,0.3245970606803894,0.55657113,0,real,0,false_negative,899
baseline2_njr,E:\TikTokTechJam\Track5Data(1)\Track5Data\official_demo_validation\fake\Advanced\DALLE3\dalle3\202311011943129901ca391019566e\1c3a3c42eb20e435007f09086d61194b.jpg,DALLE_Advanced,fake,1,1024,1024,0.33552923798561096,0.55657113,0,real,0,false_negative,900
baseline2_njr,E:\TikTokTechJam\Track5Data(1)\Track5Data\official_demo_validation\fake\Advanced\DALLE3\dalle3\202311011943129901ca391019566e\de9652d08a47ba28ebcbecba2d5e0785.jpg,DALLE_Advanced,fake,1,1792,1024,0.3383748531341553,0.55657113,0,real,0,false_negative,901
baseline2_njr,E:\TikTokTechJam\Track5Data(1)\Track5Data\official_demo_validation\fake\Advanced\DALLE3\dalle3\202311011943129901ca391019566e\54342507a961956047423bd98630521c.jpg,DALLE_Advanced,fake,1,1024,1024,0.34077024459838867,0.55657113,0,real,0,false_negative,902
baseline2_njr,E:\TikTokTechJam\Track5Data(1)\Track5Data\official_demo_validation\fake\Advanced\DALLE3\dalle3\20231102143933b82206831d45b85d\c3cf4bfa5679ef622c82f363cef85756.jpg,DALLE_Advanced,fake,1,1024,1024,0.3424515426158905,0.55657113,0,real,0,false_negative,903
baseline2_njr,E:\TikTokTechJam\Track5Data(1)\Track5Data\official_demo_validation\fake\Advanced\DALLE3\dalle3\2023110215025084768300d30fc34f\c3cf4bfa5679ef622c82f363cef85756.jpg,DALLE_Advanced,fake,1,1024,1024,0.3424515426158905,0.55657113,0,real,0,false_negative,904
baseline2_njr,E:\TikTokTechJam\Track5Data(1)\Track5Data\official_demo_validation\fake\Advanced\DALLE3\dalle3\20231103102150b17aad067ad7e034\c3cf4bfa5679ef622c82f363cef85756.jpg,DALLE_Advanced,fake,1,1024,1024,0.3424515426158905,0.55657113,0,real,0,false_negative,905
baseline2_njr,E:\TikTokTechJam\Track5Data(1)\Track5Data\official_demo_validation\fake\Advanced\DALLE3\dalle3\202311070924598319e76b1a88ba6c\c3cf4bfa5679ef622c82f363cef85756.jpg,DALLE_Advanced,fake,1,1024,1024,0.3424515426158905,0.55657113,0,real,0,false_negative,906
baseline2_njr,E:\TikTokTechJam\Track5Data(1)\Track5Data\official_demo_validation\fake\Advanced\DALLE3\dalle3\202311011943129901ca391019566e\c0e184c2affefc0e82da00870916db83.jpg,DALLE_Advanced,fake,1,1024,1024,0.35273393988609314,0.55657113,0,real,0,false_negative,907
baseline2_njr,E:\TikTokTechJam\Track5Data(1)\Track5Data\official_demo_validation\fake\Advanced\DALLE3\dalle3\202311011943129901ca391019566e\4b1f6c9c7d65f8a324414b323cada82c.jpg,DALLE_Advanced,fake,1,1024,1024,0.35316500067710876,0.55657113,0,real,0,false_negative,908
baseline2_njr,E:\TikTokTechJam\Track5Data(1)\Track5Data\official_demo_validation\fake\Advanced\DALLE3\dalle3\20231102143933b82206831d45b85d\e1fa580d3d11b79927bfb53f7d603d3f.jpg,DALLE_Advanced,fake,1,1024,1024,0.3535758852958679,0.55657113,0,real,0,false_negative,909
baseline2_njr,E:\TikTokTechJam\Track5Data(1)\Track5Data\official_demo_validation\fake\Advanced\DALLE3\dalle3\2023110215025084768300d30fc34f\e1fa580d3d11b79927bfb53f7d603d3f.jpg,DALLE_Advanced,fake,1,1024,1024,0.3535758852958679,0.55657113,0,real,0,false_negative,910
baseline2_njr,E:\TikTokTechJam\Track5Data(1)\Track5Data\official_demo_validation\fake\Advanced\DALLE3\dalle3\20231103102150b17aad067ad7e034\e1fa580d3d11b79927bfb53f7d603d3f.jpg,DALLE_Advanced,fake,1,1024,1024,0.3535758852958679,0.55657113,0,real,0,false_negative,911
baseline2_njr,E:\TikTokTechJam\Track5Data(1)\Track5Data\official_demo_validation\fake\Advanced\DALLE3\dalle3\202311070924598319e76b1a88ba6c\e1fa580d3d11b79927bfb53f7d603d3f.jpg,DALLE_Advanced,fake,1,1024,1024,0.3535758852958679,0.55657113,0,real,0,false_negative,912
baseline2_njr,E:\TikTokTechJam\Track5Data(1)\Track5Data\official_demo_validation\fake\Advanced\DALLE3\dalle3\20231102143933b82206831d45b85d\2cfc6a3b68c35c9a2fa47c4ade5e5b1f.jpg,DALLE_Advanced,fake,1,1792,1024,0.3558659851551056,0.55657113,0,real,0,false_negative,913
baseline2_njr,E:\TikTokTechJam\Track5Data(1)\Track5Data\official_demo_validation\fake\Advanced\DALLE3\dalle3\2023110215025084768300d30fc34f\2cfc6a3b68c35c9a2fa47c4ade5e5b1f.jpg,DALLE_Advanced,fake,1,1792,1024,0.3558659851551056,0.55657113,0,real,0,false_negative,914
baseline2_njr,E:\TikTokTechJam\Track5Data(1)\Track5Data\official_demo_validation\fake\Advanced\DALLE3\dalle3\20231103102150b17aad067ad7e034\2cfc6a3b68c35c9a2fa47c4ade5e5b1f.jpg,DALLE_Advanced,fake,1,1792,1024,0.3558659851551056,0.55657113,0,real,0,false_negative,915
baseline2_njr,E:\TikTokTechJam\Track5Data(1)\Track5Data\official_demo_validation\fake\Advanced\DALLE3\dalle3\202311070924598319e76b1a88ba6c\2cfc6a3b68c35c9a2fa47c4ade5e5b1f.jpg,DALLE_Advanced,fake,1,1792,1024,0.3558659851551056,0.55657113,0,real,0,false_negative,916
baseline2_njr,E:\TikTokTechJam\Track5Data(1)\Track5Data\official_demo_validation\fake\Advanced\DALLE3\dalle3\20231102143933b82206831d45b85d\231d06f97a313c5585d90316a8bbebf2.jpg,DALLE_Advanced,fake,1,1024,1024,0.3620177209377289,0.55657113,0,real,0,false_negative,917
baseline2_njr,E:\TikTokTechJam\Track5Data(1)\Track5Data\official_demo_validation\fake\Advanced\DALLE3\dalle3\2023110215025084768300d30fc34f\231d06f97a313c5585d90316a8bbebf2.jpg,DALLE_Advanced,fake,1,1024,1024,0.3620177209377289,0.55657113,0,real,0,false_negative,918
baseline2_njr,E:\TikTokTechJam\Track5Data(1)\Track5Data\official_demo_validation\fake\Advanced\DALLE3\dalle3\20231103102150b17aad067ad7e034\231d06f97a313c5585d90316a8bbebf2.jpg,DALLE_Advanced,fake,1,1024,1024,0.3620177209377289,0.55657113,0,real,0,false_negative,919
baseline2_njr,E:\TikTokTechJam\Track5Data(1)\Track5Data\official_demo_validation\fake\Advanced\DALLE3\dalle3\202311070924598319e76b1a88ba6c\231d06f97a313c5585d90316a8bbebf2.jpg,DALLE_Advanced,fake,1,1024,1024,0.3620177209377289,0.55657113,0,real,0,false_negative,920
baseline2_njr,E:\TikTokTechJam\Track5Data(1)\Track5Data\official_demo_validation\fake\Advanced\DALLE3\dalle3\20231102143933b82206831d45b85d\35824edc7729c3880452de089784ddd0.jpg,DALLE_Advanced,fake,1,1024,1024,0.36346235871315,0.55657113,0,real,0,false_negative,921
baseline2_njr,E:\TikTokTechJam\Track5Data(1)\Track5Data\official_demo_validation\fake\Advanced\DALLE3\dalle3\2023110215025084768300d30fc34f\35824edc7729c3880452de089784ddd0.jpg,DALLE_Advanced,fake,1,1024,1024,0.36346235871315,0.55657113,0,real,0,false_negative,922
baseline2_njr,E:\TikTokTechJam\Track5Data(1)\Track5Data\official_demo_validation\fake\Advanced\DALLE3\dalle3\20231103102150b17aad067ad7e034\35824edc7729c3880452de089784ddd0.jpg,DALLE_Advanced,fake,1,1024,1024,0.36346235871315,0.55657113,0,real,0,false_negative,923
baseline2_njr,E:\TikTokTechJam\Track5Data(1)\Track5Data\official_demo_validation\fake\Advanced\DALLE3\dalle3\202311070924598319e76b1a88ba6c\35824edc7729c3880452de089784ddd0.jpg,DALLE_Advanced,fake,1,1024,1024,0.36346235871315,0.55657113,0,real,0,false_negative,924
baseline2_njr,E:\TikTokTechJam\Track5Data(1)\Track5Data\official_demo_validation\fake\Advanced\DALLE3\dalle3\202311011943129901ca391019566e\19eb1c46e83c41a5932abeea1a0546a5.jpg,DALLE_Advanced,fake,1,1024,1024,0.36895474791526794,0.55657113,0,real,0,false_negative,925
baseline2_njr,E:\TikTokTechJam\Track5Data(1)\Track5Data\official_demo_validation\fake\Advanced\DALLE3\dalle3\20231102143933b82206831d45b85d\3a1569aad417032d42ae66e6eed979ab.jpg,DALLE_Advanced,fake,1,1792,1024,0.370694100856781,0.55657113,0,real,0,false_negative,926
baseline2_njr,E:\TikTokTechJam\Track5Data(1)\Track5Data\official_demo_validation\fake\Advanced\DALLE3\dalle3\2023110215025084768300d30fc34f\3a1569aad417032d42ae66e6eed979ab.jpg,DALLE_Advanced,fake,1,1792,1024,0.370694100856781,0.55657113,0,real,0,false_negative,927
baseline2_njr,E:\TikTokTechJam\Track5Data(1)\Track5Data\official_demo_validation\fake\Advanced\DALLE3\dalle3\20231103102150b17aad067ad7e034\3a1569aad417032d42ae66e6eed979ab.jpg,DALLE_Advanced,fake,1,1792,1024,0.370694100856781,0.55657113,0,real,0,false_negative,928
baseline2_njr,E:\TikTokTechJam\Track5Data(1)\Track5Data\official_demo_validation\fake\Advanced\DALLE3\dalle3\202311070924598319e76b1a88ba6c\3a1569aad417032d42ae66e6eed979ab.jpg,DALLE_Advanced,fake,1,1792,1024,0.370694100856781,0.55657113,0,real,0,false_negative,929
baseline2_njr,E:\TikTokTechJam\Track5Data(1)\Track5Data\official_demo_validation\fake\Advanced\DALLE3\dalle3\202311011943129901ca391019566e\0304eaaaac6b68aec926d8544f214c81.jpg,DALLE_Advanced,fake,1,1024,1024,0.37553051114082336,0.55657113,0,real,0,false_negative,930
baseline2_njr,E:\TikTokTechJam\Track5Data(1)\Track5Data\official_demo_validation\fake\Advanced\DALLE3\dalle3\20231102143933b82206831d45b85d\37783cf045730c82e8361360a977f67e.jpg,DALLE_Advanced,fake,1,1024,1024,0.3759496808052063,0.55657113,0,real,0,false_negative,931
baseline2_njr,E:\TikTokTechJam\Track5Data(1)\Track5Data\official_demo_validation\fake\Advanced\DALLE3\dalle3\2023110215025084768300d30fc34f\37783cf045730c82e8361360a977f67e.jpg,DALLE_Advanced,fake,1,1024,1024,0.3759496808052063,0.55657113,0,real,0,false_negative,932
baseline2_njr,E:\TikTokTechJam\Track5Data(1)\Track5Data\official_demo_validation\fake\Advanced\DALLE3\dalle3\202311070924598319e76b1a88ba6c\37783cf045730c82e8361360a977f67e.jpg,DALLE_Advanced,fake,1,1024,1024,0.3759496808052063,0.55657113,0,real,0,false_negative,933
baseline2_njr,E:\TikTokTechJam\Track5Data(1)\Track5Data\official_demo_validation\fake\Advanced\DALLE3\dalle3\202311011943129901ca391019566e\bed18d6a81fc8cf88f2087221dfe96a3.jpg,DALLE_Advanced,fake,1,1024,1024,0.3768198490142822,0.55657113,0,real,0,false_negative,934
baseline2_njr,E:\TikTokTechJam\Track5Data(1)\Track5Data\official_demo_validation\fake\Advanced\DALLE3\dalle3\202311011943129901ca391019566e\7a0cc0b6c398980521502e2b522eb3db.jpg,DALLE_Advanced,fake,1,1024,1024,0.3849579989910126,0.55657113,0,real,0,false_negative,935
baseline2_njr,E:\TikTokTechJam\Track5Data(1)\Track5Data\official_demo_validation\fake\Advanced\DALLE3\dalle3\20231102143933b82206831d45b85d\bf42bcc71dcceb4c6d6605fdc890bf6e.jpg,DALLE_Advanced,fake,1,1024,1024,0.3859248757362366,0.55657113,0,real,0,false_negative,936
baseline2_njr,E:\TikTokTechJam\Track5Data(1)\Track5Data\official_demo_validation\fake\Advanced\DALLE3\dalle3\2023110215025084768300d30fc34f\bf42bcc71dcceb4c6d6605fdc890bf6e.jpg,DALLE_Advanced,fake,1,1024,1024,0.3859248757362366,0.55657113,0,real,0,false_negative,937
baseline2_njr,E:\TikTokTechJam\Track5Data(1)\Track5Data\official_demo_validation\fake\Advanced\DALLE3\dalle3\20231103102150b17aad067ad7e034\bf42bcc71dcceb4c6d6605fdc890bf6e.jpg,DALLE_Advanced,fake,1,1024,1024,0.3859248757362366,0.55657113,0,real,0,false_negative,938
baseline2_njr,E:\TikTokTechJam\Track5Data(1)\Track5Data\official_demo_validation\fake\Advanced\DALLE3\dalle3\202311070924598319e76b1a88ba6c\bf42bcc71dcceb4c6d6605fdc890bf6e.jpg,DALLE_Advanced,fake,1,1024,1024,0.3859248757362366,0.55657113,0,real,0,false_negative,939
baseline2_njr,E:\TikTokTechJam\Track5Data(1)\Track5Data\official_demo_validation\fake\Advanced\DALLE3\dalle3\20231102143933b82206831d45b85d\aef371aa0541f2e00e5150ba325b3f76.jpg,DALLE_Advanced,fake,1,1024,1024,0.38880982995033264,0.55657113,0,real,0,false_negative,940
baseline2_njr,E:\TikTokTechJam\Track5Data(1)\Track5Data\official_demo_validation\fake\Advanced\DALLE3\dalle3\2023110215025084768300d30fc34f\aef371aa0541f2e00e5150ba325b3f76.jpg,DALLE_Advanced,fake,1,1024,1024,0.38880982995033264,0.55657113,0,real,0,false_negative,941
baseline2_njr,E:\TikTokTechJam\Track5Data(1)\Track5Data\official_demo_validation\fake\Advanced\DALLE3\dalle3\202311011943129901ca391019566e\5ea5b512e5b80d64dcfd67c5b8d9bf91.jpg,DALLE_Advanced,fake,1,1024,1024,0.3899959325790405,0.55657113,0,real,0,false_negative,942
baseline2_njr,E:\TikTokTechJam\Track5Data(1)\Track5Data\official_demo_validation\fake\Advanced\DALLE3\dalle3\202311011943129901ca391019566e\486f4badafd391ff2b9d4d159f270f20.jpg,DALLE_Advanced,fake,1,1024,1024,0.39181700348854065,0.55657113,0,real,0,false_negative,943
baseline2_njr,E:\TikTokTechJam\Track5Data(1)\Track5Data\official_demo_validation\fake\Advanced\DALLE3\dalle3\20231102143933b82206831d45b85d\1ceee4a4076b1977e262547376a0449a.jpg,DALLE_Advanced,fake,1,1024,1024,0.39699918031692505,0.55657113,0,real,0,false_negative,944
baseline2_njr,E:\TikTokTechJam\Track5Data(1)\Track5Data\official_demo_validation\fake\Advanced\DALLE3\dalle3\2023110215025084768300d30fc34f\1ceee4a4076b1977e262547376a0449a.jpg,DALLE_Advanced,fake,1,1024,1024,0.39699918031692505,0.55657113,0,real,0,false_negative,945
baseline2_njr,E:\TikTokTechJam\Track5Data(1)\Track5Data\official_demo_validation\fake\Advanced\DALLE3\dalle3\20231103102150b17aad067ad7e034\1ceee4a4076b1977e262547376a0449a.jpg,DALLE_Advanced,fake,1,1024,1024,0.39699918031692505,0.55657113,0,real,0,false_negative,946
baseline2_njr,E:\TikTokTechJam\Track5Data(1)\Track5Data\official_demo_validation\fake\Advanced\DALLE3\dalle3\202311070924598319e76b1a88ba6c\1ceee4a4076b1977e262547376a0449a.jpg,DALLE_Advanced,fake,1,1024,1024,0.39699918031692505,0.55657113,0,real,0,false_negative,947
baseline2_njr,E:\TikTokTechJam\Track5Data(1)\Track5Data\official_demo_validation\fake\Advanced\DALLE3\dalle3\20231102143933b82206831d45b85d\febb5d766fa102a7dd3d48f0613ea30f.jpg,DALLE_Advanced,fake,1,1024,1024,0.40084338188171387,0.55657113,0,real,0,false_negative,948
baseline2_njr,E:\TikTokTechJam\Track5Data(1)\Track5Data\official_demo_validation\fake\Advanced\DALLE3\dalle3\2023110215025084768300d30fc34f\febb5d766fa102a7dd3d48f0613ea30f.jpg,DALLE_Advanced,fake,1,1024,1024,0.40084338188171387,0.55657113,0,real,0,false_negative,949
baseline2_njr,E:\TikTokTechJam\Track5Data(1)\Track5Data\official_demo_validation\fake\Advanced\DALLE3\dalle3\20231103102150b17aad067ad7e034\febb5d766fa102a7dd3d48f0613ea30f.jpg,DALLE_Advanced,fake,1,1024,1024,0.40084338188171387,0.55657113,0,real,0,false_negative,950
baseline2_njr,E:\TikTokTechJam\Track5Data(1)\Track5Data\official_demo_validation\fake\Advanced\DALLE3\dalle3\202311070924598319e76b1a88ba6c\febb5d766fa102a7dd3d48f0613ea30f.jpg,DALLE_Advanced,fake,1,1024,1024,0.40084338188171387,0.55657113,0,real,0,false_negative,951
baseline2_njr,E:\TikTokTechJam\Track5Data(1)\Track5Data\official_demo_validation\fake\Advanced\DALLE3\dalle3\202311011943129901ca391019566e\d2fb84e9d8e26bd2f621a455b10617bc.jpg,DALLE_Advanced,fake,1,1024,1024,0.4035032391548157,0.55657113,0,real,0,false_negative,952
baseline2_njr,E:\TikTokTechJam\Track5Data(1)\Track5Data\official_demo_validation\fake\Advanced\DALLE3\dalle3\202311011943129901ca391019566e\b50bbca941b1d3b8484534083de735bf.jpg,DALLE_Advanced,fake,1,1024,1024,0.404211163520813,0.55657113,0,real,0,false_negative,953
baseline2_njr,E:\TikTokTechJam\Track5Data(1)\Track5Data\official_demo_validation\fake\Advanced\DALLE3\dalle3\202311011943129901ca391019566e\96af47063b5d30480e79bb904cc3c4fd.jpg,DALLE_Advanced,fake,1,1024,1024,0.4046064615249634,0.55657113,0,real,0,false_negative,954
baseline2_njr,E:\TikTokTechJam\Track5Data(1)\Track5Data\official_demo_validation\fake\Advanced\DALLE3\dalle3\20231102143933b82206831d45b85d\671d266988faa6a9b3abba7071e9a005.jpg,DALLE_Advanced,fake,1,1024,1024,0.4065147042274475,0.55657113,0,real,0,false_negative,955
baseline2_njr,E:\TikTokTechJam\Track5Data(1)\Track5Data\official_demo_validation\fake\Advanced\DALLE3\dalle3\2023110215025084768300d30fc34f\671d266988faa6a9b3abba7071e9a005.jpg,DALLE_Advanced,fake,1,1024,1024,0.4065147042274475,0.55657113,0,real,0,false_negative,956
baseline2_njr,E:\TikTokTechJam\Track5Data(1)\Track5Data\official_demo_validation\fake\Advanced\DALLE3\dalle3\20231103102150b17aad067ad7e034\671d266988faa6a9b3abba7071e9a005.jpg,DALLE_Advanced,fake,1,1024,1024,0.4065147042274475,0.55657113,0,real,0,false_negative,957
baseline2_njr,E:\TikTokTechJam\Track5Data(1)\Track5Data\official_demo_validation\fake\Advanced\DALLE3\dalle3\202311070924598319e76b1a88ba6c\671d266988faa6a9b3abba7071e9a005.jpg,DALLE_Advanced,fake,1,1024,1024,0.4065147042274475,0.55657113,0,real,0,false_negative,958
baseline2_njr,E:\TikTokTechJam\Track5Data(1)\Track5Data\official_demo_validation\fake\Advanced\DALLE3\dalle3\202311011943129901ca391019566e\53557d15b5744a6acf57a485e24644dd.jpg,DALLE_Advanced,fake,1,1024,1024,0.4137166738510132,0.55657113,0,real,0,false_negative,959
baseline2_njr,E:\TikTokTechJam\Track5Data(1)\Track5Data\official_demo_validation\fake\Advanced\DALLE3\dalle3\20231102143933b82206831d45b85d\6bc442f9db3c36afd4a7f0d967f248ca.jpg,DALLE_Advanced,fake,1,1024,1024,0.4148741662502289,0.55657113,0,real,0,false_negative,960
baseline2_njr,E:\TikTokTechJam\Track5Data(1)\Track5Data\official_demo_validation\fake\Advanced\DALLE3\dalle3\2023110215025084768300d30fc34f\6bc442f9db3c36afd4a7f0d967f248ca.jpg,DALLE_Advanced,fake,1,1024,1024,0.4148741662502289,0.55657113,0,real,0,false_negative,961
baseline2_njr,E:\TikTokTechJam\Track5Data(1)\Track5Data\official_demo_validation\fake\Advanced\DALLE3\dalle3\20231103102150b17aad067ad7e034\6bc442f9db3c36afd4a7f0d967f248ca.jpg,DALLE_Advanced,fake,1,1024,1024,0.4148741662502289,0.55657113,0,real,0,false_negative,962
baseline2_njr,E:\TikTokTechJam\Track5Data(1)\Track5Data\official_demo_validation\fake\Advanced\DALLE3\dalle3\202311070924598319e76b1a88ba6c\6bc442f9db3c36afd4a7f0d967f248ca.jpg,DALLE_Advanced,fake,1,1024,1024,0.4148741662502289,0.55657113,0,real,0,false_negative,963
baseline2_njr,E:\TikTokTechJam\Track5Data(1)\Track5Data\official_demo_validation\fake\Advanced\DALLE3\dalle3\20231102143933b82206831d45b85d\9cb08b6435c0ab499b1543df27183e03.jpg,DALLE_Advanced,fake,1,1024,1024,0.41615673899650574,0.55657113,0,real,0,false_negative,964
baseline2_njr,E:\TikTokTechJam\Track5Data(1)\Track5Data\official_demo_validation\fake\Advanced\DALLE3\dalle3\2023110215025084768300d30fc34f\9cb08b6435c0ab499b1543df27183e03.jpg,DALLE_Advanced,fake,1,1024,1024,0.41615673899650574,0.55657113,0,real,0,false_negative,965
baseline2_njr,E:\TikTokTechJam\Track5Data(1)\Track5Data\official_demo_validation\fake\Advanced\DALLE3\dalle3\20231103102150b17aad067ad7e034\9cb08b6435c0ab499b1543df27183e03.jpg,DALLE_Advanced,fake,1,1024,1024,0.41615673899650574,0.55657113,0,real,0,false_negative,966
baseline2_njr,E:\TikTokTechJam\Track5Data(1)\Track5Data\official_demo_validation\fake\Advanced\DALLE3\dalle3\202311070924598319e76b1a88ba6c\9cb08b6435c0ab499b1543df27183e03.jpg,DALLE_Advanced,fake,1,1024,1024,0.41615673899650574,0.55657113,0,real,0,false_negative,967
baseline2_njr,E:\TikTokTechJam\Track5Data(1)\Track5Data\official_demo_validation\fake\Advanced\DALLE3\dalle3\202311011943129901ca391019566e\f2096cb5e874217b1e0cc4a2da71a1a6.jpg,DALLE_Advanced,fake,1,1024,1024,0.4188140034675598,0.55657113,0,real,0,false_negative,968
baseline2_njr,E:\TikTokTechJam\Track5Data(1)\Track5Data\official_demo_validation\fake\Advanced\DALLE3\dalle3\20231102143933b82206831d45b85d\8102b2408257cd531f9c087488e086fd.jpg,DALLE_Advanced,fake,1,1024,1024,0.4280908405780792,0.55657113,0,real,0,false_negative,969
baseline2_njr,E:\TikTokTechJam\Track5Data(1)\Track5Data\official_demo_validation\fake\Advanced\DALLE3\dalle3\2023110215025084768300d30fc34f\8102b2408257cd531f9c087488e086fd.jpg,DALLE_Advanced,fake,1,1024,1024,0.4280908405780792,0.55657113,0,real,0,false_negative,970
baseline2_njr,E:\TikTokTechJam\Track5Data(1)\Track5Data\official_demo_validation\fake\Advanced\DALLE3\dalle3\20231103102150b17aad067ad7e034\8102b2408257cd531f9c087488e086fd.jpg,DALLE_Advanced,fake,1,1024,1024,0.4280908405780792,0.55657113,0,real,0,false_negative,971
baseline2_njr,E:\TikTokTechJam\Track5Data(1)\Track5Data\official_demo_validation\fake\Advanced\DALLE3\dalle3\202311070924598319e76b1a88ba6c\8102b2408257cd531f9c087488e086fd.jpg,DALLE_Advanced,fake,1,1024,1024,0.4280908405780792,0.55657113,0,real,0,false_negative,972
baseline2_njr,E:\TikTokTechJam\Track5Data(1)\Track5Data\official_demo_validation\fake\Advanced\DALLE3\dalle3\20231102143933b82206831d45b85d\39d1e9d09de1d36f4f5e6a140a3e57de.jpg,DALLE_Advanced,fake,1,1024,1024,0.4293713867664337,0.55657113,0,real,0,false_negative,973
baseline2_njr,E:\TikTokTechJam\Track5Data(1)\Track5Data\official_demo_validation\fake\Advanced\DALLE3\dalle3\2023110215025084768300d30fc34f\39d1e9d09de1d36f4f5e6a140a3e57de.jpg,DALLE_Advanced,fake,1,1024,1024,0.4293713867664337,0.55657113,0,real,0,false_negative,974
baseline2_njr,E:\TikTokTechJam\Track5Data(1)\Track5Data\official_demo_validation\fake\Advanced\DALLE3\dalle3\20231103102150b17aad067ad7e034\39d1e9d09de1d36f4f5e6a140a3e57de.jpg,DALLE_Advanced,fake,1,1024,1024,0.4293713867664337,0.55657113,0,real,0,false_negative,975
baseline2_njr,E:\TikTokTechJam\Track5Data(1)\Track5Data\official_demo_validation\fake\Advanced\DALLE3\dalle3\202311070924598319e76b1a88ba6c\39d1e9d09de1d36f4f5e6a140a3e57de.jpg,DALLE_Advanced,fake,1,1024,1024,0.4293713867664337,0.55657113,0,real,0,false_negative,976
baseline2_njr,E:\TikTokTechJam\Track5Data(1)\Track5Data\official_demo_validation\fake\Advanced\DALLE3\dalle3\20231102143933b82206831d45b85d\f12f14d4edd3cb13afbfacad38199da4.jpg,DALLE_Advanced,fake,1,1024,1024,0.4301600456237793,0.55657113,0,real,0,false_negative,977
baseline2_njr,E:\TikTokTechJam\Track5Data(1)\Track5Data\official_demo_validation\fake\Advanced\DALLE3\dalle3\2023110215025084768300d30fc34f\f12f14d4edd3cb13afbfacad38199da4.jpg,DALLE_Advanced,fake,1,1024,1024,0.4301600456237793,0.55657113,0,real,0,false_negative,978
baseline2_njr,E:\TikTokTechJam\Track5Data(1)\Track5Data\official_demo_validation\fake\Advanced\DALLE3\dalle3\20231103102150b17aad067ad7e034\f12f14d4edd3cb13afbfacad38199da4.jpg,DALLE_Advanced,fake,1,1024,1024,0.4301600456237793,0.55657113,0,real,0,false_negative,979
baseline2_njr,E:\TikTokTechJam\Track5Data(1)\Track5Data\official_demo_validation\fake\Advanced\DALLE3\dalle3\202311070924598319e76b1a88ba6c\f12f14d4edd3cb13afbfacad38199da4.jpg,DALLE_Advanced,fake,1,1024,1024,0.4301600456237793,0.55657113,0,real,0,false_negative,980
baseline2_njr,E:\TikTokTechJam\Track5Data(1)\Track5Data\official_demo_validation\fake\Advanced\DALLE3\dalle3\202311011943129901ca391019566e\58ac0e6cb1f749dcc21fa6a205556df7.jpg,DALLE_Advanced,fake,1,1024,1024,0.4313882291316986,0.55657113,0,real,0,false_negative,981
baseline2_njr,E:\TikTokTechJam\Track5Data(1)\Track5Data\official_demo_validation\fake\Advanced\DALLE3\dalle3\20231102143933b82206831d45b85d\48598ba31482a2876e710d3c5fbe25fc.jpg,DALLE_Advanced,fake,1,1024,1024,0.43280264735221863,0.55657113,0,real,0,false_negative,982
baseline2_njr,E:\TikTokTechJam\Track5Data(1)\Track5Data\official_demo_validation\fake\Advanced\DALLE3\dalle3\2023110215025084768300d30fc34f\48598ba31482a2876e710d3c5fbe25fc.jpg,DALLE_Advanced,fake,1,1024,1024,0.43280264735221863,0.55657113,0,real,0,false_negative,983
baseline2_njr,E:\TikTokTechJam\Track5Data(1)\Track5Data\official_demo_validation\fake\Advanced\DALLE3\dalle3\20231103102150b17aad067ad7e034\48598ba31482a2876e710d3c5fbe25fc.jpg,DALLE_Advanced,fake,1,1024,1024,0.43280264735221863,0.55657113,0,real,0,false_negative,984
baseline2_njr,E:\TikTokTechJam\Track5Data(1)\Track5Data\official_demo_validation\fake\Advanced\DALLE3\dalle3\202311070924598319e76b1a88ba6c\48598ba31482a2876e710d3c5fbe25fc.jpg,DALLE_Advanced,fake,1,1024,1024,0.43280264735221863,0.55657113,0,real,0,false_negative,985
baseline2_njr,E:\TikTokTechJam\Track5Data(1)\Track5Data\official_demo_validation\fake\Advanced\DALLE3\dalle3\202311011943129901ca391019566e\795fdfc73815955433f2eb7d242c68d3.jpg,DALLE_Advanced,fake,1,1024,1024,0.43547359108924866,0.55657113,0,real,0,false_negative,986
baseline2_njr,E:\TikTokTechJam\Track5Data(1)\Track5Data\official_demo_validation\fake\Advanced\DALLE3\dalle3\202311011943129901ca391019566e\987b28a09043eb6b3eeb0b8fb4cbcf51.jpg,DALLE_Advanced,fake,1,1024,1024,0.43793797492980957,0.55657113,0,real,0,false_negative,987
baseline2_njr,E:\TikTokTechJam\Track5Data(1)\Track5Data\official_demo_validation\fake\Advanced\DALLE3\dalle3\20231102143933b82206831d45b85d\e2f9cca0d182a24a568d90548a344f59.jpg,DALLE_Advanced,fake,1,1024,1024,0.44001418352127075,0.55657113,0,real,0,false_negative,988
baseline2_njr,E:\TikTokTechJam\Track5Data(1)\Track5Data\official_demo_validation\fake\Advanced\DALLE3\dalle3\2023110215025084768300d30fc34f\e2f9cca0d182a24a568d90548a344f59.jpg,DALLE_Advanced,fake,1,1024,1024,0.44001418352127075,0.55657113,0,real,0,false_negative,989
baseline2_njr,E:\TikTokTechJam\Track5Data(1)\Track5Data\official_demo_validation\fake\Advanced\DALLE3\dalle3\202311070924598319e76b1a88ba6c\e2f9cca0d182a24a568d90548a344f59.jpg,DALLE_Advanced,fake,1,1024,1024,0.44001418352127075,0.55657113,0,real,0,false_negative,990
baseline2_njr,E:\TikTokTechJam\Track5Data(1)\Track5Data\official_demo_validation\fake\Advanced\DALLE3\dalle3\202311011943129901ca391019566e\9b142325ac82e2b1a09d2598a2a4b246.jpg,DALLE_Advanced,fake,1,1024,1024,0.4414023458957672,0.55657113,0,real,0,false_negative,991
baseline2_njr,E:\TikTokTechJam\Track5Data(1)\Track5Data\official_demo_validation\fake\Advanced\DALLE3\dalle3\20231102143933b82206831d45b85d\a68ddfed1753c9b334d94ad9cf987d05.jpg,DALLE_Advanced,fake,1,1024,1024,0.44559094309806824,0.55657113,0,real,0,false_negative,992
baseline2_njr,E:\TikTokTechJam\Track5Data(1)\Track5Data\official_demo_validation\fake\Advanced\DALLE3\dalle3\2023110215025084768300d30fc34f\a68ddfed1753c9b334d94ad9cf987d05.jpg,DALLE_Advanced,fake,1,1024,1024,0.44559094309806824,0.55657113,0,real,0,false_negative,993
baseline2_njr,E:\TikTokTechJam\Track5Data(1)\Track5Data\official_demo_validation\fake\Advanced\DALLE3\dalle3\20231103102150b17aad067ad7e034\a68ddfed1753c9b334d94ad9cf987d05.jpg,DALLE_Advanced,fake,1,1024,1024,0.44559094309806824,0.55657113,0,real,0,false_negative,994
baseline2_njr,E:\TikTokTechJam\Track5Data(1)\Track5Data\official_demo_validation\fake\Advanced\DALLE3\dalle3\202311070924598319e76b1a88ba6c\a68ddfed1753c9b334d94ad9cf987d05.jpg,DALLE_Advanced,fake,1,1024,1024,0.44559094309806824,0.55657113,0,real,0,false_negative,995
baseline2_njr,E:\TikTokTechJam\Track5Data(1)\Track5Data\official_demo_validation\fake\Advanced\DALLE3\dalle3\20231102143933b82206831d45b85d\07d2c488292e51f094b7186bb3591c20.jpg,DALLE_Advanced,fake,1,1024,1024,0.4459601640701294,0.55657113,0,real,0,false_negative,996
baseline2_njr,E:\TikTokTechJam\Track5Data(1)\Track5Data\official_demo_validation\fake\Advanced\DALLE3\dalle3\2023110215025084768300d30fc34f\07d2c488292e51f094b7186bb3591c20.jpg,DALLE_Advanced,fake,1,1024,1024,0.4459601640701294,0.55657113,0,real,0,false_negative,997
baseline2_njr,E:\TikTokTechJam\Track5Data(1)\Track5Data\official_demo_validation\fake\Advanced\DALLE3\dalle3\20231103102150b17aad067ad7e034\07d2c488292e51f094b7186bb3591c20.jpg,DALLE_Advanced,fake,1,1024,1024,0.4459601640701294,0.55657113,0,real,0,false_negative,998
baseline2_njr,E:\TikTokTechJam\Track5Data(1)\Track5Data\official_demo_validation\fake\Advanced\DALLE3\dalle3\202311070924598319e76b1a88ba6c\07d2c488292e51f094b7186bb3591c20.jpg,DALLE_Advanced,fake,1,1024,1024,0.4459601640701294,0.55657113,0,real,0,false_negative,999
baseline2_njr,E:\TikTokTechJam\Track5Data(1)\Track5Data\official_demo_validation\fake\Advanced\DALLE3\dalle3\20231102143933b82206831d45b85d\0fb595c6b83dbfc3d0d13fa93b91cadc.jpg,DALLE_Advanced,fake,1,1024,1024,0.4533754885196686,0.55657113,0,real,0,false_negative,1000
baseline2_njr,E:\TikTokTechJam\Track5Data(1)\Track5Data\official_demo_validation\fake\Advanced\DALLE3\dalle3\2023110215025084768300d30fc34f\0fb595c6b83dbfc3d0d13fa93b91cadc.jpg,DALLE_Advanced,fake,1,1024,1024,0.4533754885196686,0.55657113,0,real,0,false_negative,1001
baseline2_njr,E:\TikTokTechJam\Track5Data(1)\Track5Data\official_demo_validation\fake\Advanced\DALLE3\dalle3\20231103102150b17aad067ad7e034\0fb595c6b83dbfc3d0d13fa93b91cadc.jpg,DALLE_Advanced,fake,1,1024,1024,0.4533754885196686,0.55657113,0,real,0,false_negative,1002
baseline2_njr,E:\TikTokTechJam\Track5Data(1)\Track5Data\official_demo_validation\fake\Advanced\DALLE3\dalle3\202311070924598319e76b1a88ba6c\0fb595c6b83dbfc3d0d13fa93b91cadc.jpg,DALLE_Advanced,fake,1,1024,1024,0.4533754885196686,0.55657113,0,real,0,false_negative,1003
baseline2_njr,E:\TikTokTechJam\Track5Data(1)\Track5Data\official_demo_validation\fake\Advanced\DALLE3\dalle3\202311011943129901ca391019566e\b8d8a4679017777683366fc85c686d26.jpg,DALLE_Advanced,fake,1,1024,1024,0.46872979402542114,0.55657113,0,real,0,false_negative,1004
baseline2_njr,E:\TikTokTechJam\Track5Data(1)\Track5Data\official_demo_validation\fake\Advanced\DALLE3\dalle3\202311011943129901ca391019566e\e448cc8a9e8913fb8827dc45518598d9.jpg,DALLE_Advanced,fake,1,1792,1024,0.4706381857395172,0.55657113,0,real,0,false_negative,1005
baseline2_njr,E:\TikTokTechJam\Track5Data(1)\Track5Data\official_demo_validation\fake\Advanced\DALLE3\dalle3\202311011943129901ca391019566e\0757a86e2794defa73a1c558e8d5471d.jpg,DALLE_Advanced,fake,1,1024,1024,0.4721923768520355,0.55657113,0,real,0,false_negative,1006
baseline2_njr,E:\TikTokTechJam\Track5Data(1)\Track5Data\official_demo_validation\fake\Advanced\DALLE3\dalle3\202311011943129901ca391019566e\21b99519f3170266d325bf919ac59a0c.jpg,DALLE_Advanced,fake,1,1024,1024,0.47792768478393555,0.55657113,0,real,0,false_negative,1007
baseline2_njr,E:\TikTokTechJam\Track5Data(1)\Track5Data\official_demo_validation\fake\Advanced\DALLE3\dalle3\20231102143933b82206831d45b85d\56ed6ab7a9431473a83ee7bb07c26072.jpg,DALLE_Advanced,fake,1,1792,1024,0.4890980124473572,0.55657113,0,real,0,false_negative,1008
baseline2_njr,E:\TikTokTechJam\Track5Data(1)\Track5Data\official_demo_validation\fake\Advanced\DALLE3\dalle3\2023110215025084768300d30fc34f\56ed6ab7a9431473a83ee7bb07c26072.jpg,DALLE_Advanced,fake,1,1792,1024,0.4890980124473572,0.55657113,0,real,0,false_negative,1009
baseline2_njr,E:\TikTokTechJam\Track5Data(1)\Track5Data\official_demo_validation\fake\Advanced\DALLE3\dalle3\20231103102150b17aad067ad7e034\56ed6ab7a9431473a83ee7bb07c26072.jpg,DALLE_Advanced,fake,1,1792,1024,0.4890980124473572,0.55657113,0,real,0,false_negative,1010
baseline2_njr,E:\TikTokTechJam\Track5Data(1)\Track5Data\official_demo_validation\fake\Advanced\DALLE3\dalle3\202311070924598319e76b1a88ba6c\56ed6ab7a9431473a83ee7bb07c26072.jpg,DALLE_Advanced,fake,1,1792,1024,0.4890980124473572,0.55657113,0,real,0,false_negative,1011
baseline2_njr,E:\TikTokTechJam\Track5Data(1)\Track5Data\official_demo_validation\fake\Advanced\DALLE3\dalle3\20231102143933b82206831d45b85d\a564e7a7d30914ea5deea74f1911fd1b.jpg,DALLE_Advanced,fake,1,1024,1024,0.492235004901886,0.55657113,0,real,0,false_negative,1012
baseline2_njr,E:\TikTokTechJam\Track5Data(1)\Track5Data\official_demo_validation\fake\Advanced\DALLE3\dalle3\2023110215025084768300d30fc34f\a564e7a7d30914ea5deea74f1911fd1b.jpg,DALLE_Advanced,fake,1,1024,1024,0.492235004901886,0.55657113,0,real,0,false_negative,1013
baseline2_njr,E:\TikTokTechJam\Track5Data(1)\Track5Data\official_demo_validation\fake\Advanced\DALLE3\dalle3\202311070924598319e76b1a88ba6c\a564e7a7d30914ea5deea74f1911fd1b.jpg,DALLE_Advanced,fake,1,1024,1024,0.492235004901886,0.55657113,0,real,0,false_negative,1014
baseline2_njr,E:\TikTokTechJam\Track5Data(1)\Track5Data\official_demo_validation\fake\Advanced\DALLE3\dalle3\202311011943129901ca391019566e\e77d82dcf8769e5b2587a3877abb7847.jpg,DALLE_Advanced,fake,1,1024,1024,0.4940359592437744,0.55657113,0,real,0,false_negative,1015
baseline2_njr,E:\TikTokTechJam\Track5Data(1)\Track5Data\official_demo_validation\fake\Advanced\DALLE3\dalle3\20231102143933b82206831d45b85d\b2c9d32784073b8179c3c309a1c85032.jpg,DALLE_Advanced,fake,1,1024,1024,0.49471551179885864,0.55657113,0,real,0,false_negative,1016
baseline2_njr,E:\TikTokTechJam\Track5Data(1)\Track5Data\official_demo_validation\fake\Advanced\DALLE3\dalle3\2023110215025084768300d30fc34f\b2c9d32784073b8179c3c309a1c85032.jpg,DALLE_Advanced,fake,1,1024,1024,0.49471551179885864,0.55657113,0,real,0,false_negative,1017
baseline2_njr,E:\TikTokTechJam\Track5Data(1)\Track5Data\official_demo_validation\fake\Advanced\DALLE3\dalle3\20231103102150b17aad067ad7e034\b2c9d32784073b8179c3c309a1c85032.jpg,DALLE_Advanced,fake,1,1024,1024,0.49471551179885864,0.55657113,0,real,0,false_negative,1018
baseline2_njr,E:\TikTokTechJam\Track5Data(1)\Track5Data\official_demo_validation\fake\Advanced\DALLE3\dalle3\202311070924598319e76b1a88ba6c\b2c9d32784073b8179c3c309a1c85032.jpg,DALLE_Advanced,fake,1,1024,1024,0.49471551179885864,0.55657113,0,real,0,false_negative,1019
baseline2_njr,E:\TikTokTechJam\Track5Data(1)\Track5Data\official_demo_validation\fake\Advanced\DALLE3\dalle3\20231102143933b82206831d45b85d\6620ba30d2de254b6ee6fb24528c2bb5.jpg,DALLE_Advanced,fake,1,1024,1024,0.4948812425136566,0.55657113,0,real,0,false_negative,1020
baseline2_njr,E:\TikTokTechJam\Track5Data(1)\Track5Data\official_demo_validation\fake\Advanced\DALLE3\dalle3\2023110215025084768300d30fc34f\6620ba30d2de254b6ee6fb24528c2bb5.jpg,DALLE_Advanced,fake,1,1024,1024,0.4948812425136566,0.55657113,0,real,0,false_negative,1021
baseline2_njr,E:\TikTokTechJam\Track5Data(1)\Track5Data\official_demo_validation\fake\Advanced\DALLE3\dalle3\20231103102150b17aad067ad7e034\6620ba30d2de254b6ee6fb24528c2bb5.jpg,DALLE_Advanced,fake,1,1024,1024,0.4948812425136566,0.55657113,0,real,0,false_negative,1022
baseline2_njr,E:\TikTokTechJam\Track5Data(1)\Track5Data\official_demo_validation\fake\Advanced\DALLE3\dalle3\202311070924598319e76b1a88ba6c\6620ba30d2de254b6ee6fb24528c2bb5.jpg,DALLE_Advanced,fake,1,1024,1024,0.4948812425136566,0.55657113,0,real,0,false_negative,1023
baseline2_njr,E:\TikTokTechJam\Track5Data(1)\Track5Data\official_demo_validation\fake\Advanced\DALLE3\dalle3\20231102143933b82206831d45b85d\10374a32c262725500238e814476b74e.jpg,DALLE_Advanced,fake,1,1024,1024,0.5115616321563721,0.55657113,0,real,0,false_negative,1024
baseline2_njr,E:\TikTokTechJam\Track5Data(1)\Track5Data\official_demo_validation\fake\Advanced\DALLE3\dalle3\2023110215025084768300d30fc34f\10374a32c262725500238e814476b74e.jpg,DALLE_Advanced,fake,1,1024,1024,0.5115616321563721,0.55657113,0,real,0,false_negative,1025
baseline2_njr,E:\TikTokTechJam\Track5Data(1)\Track5Data\official_demo_validation\fake\Advanced\DALLE3\dalle3\20231103102150b17aad067ad7e034\10374a32c262725500238e814476b74e.jpg,DALLE_Advanced,fake,1,1024,1024,0.5115616321563721,0.55657113,0,real,0,false_negative,1026
baseline2_njr,E:\TikTokTechJam\Track5Data(1)\Track5Data\official_demo_validation\fake\Advanced\DALLE3\dalle3\202311070924598319e76b1a88ba6c\10374a32c262725500238e814476b74e.jpg,DALLE_Advanced,fake,1,1024,1024,0.5115616321563721,0.55657113,0,real,0,false_negative,1027
baseline2_njr,E:\TikTokTechJam\Track5Data(1)\Track5Data\official_demo_validation\fake\Advanced\DALLE3\dalle3\20231102143933b82206831d45b85d\aaa0520a5139b8955f3f275a33d10e34.jpg,DALLE_Advanced,fake,1,1024,1024,0.5122281312942505,0.55657113,0,real,0,false_negative,1028
baseline2_njr,E:\TikTokTechJam\Track5Data(1)\Track5Data\official_demo_validation\fake\Advanced\DALLE3\dalle3\2023110215025084768300d30fc34f\aaa0520a5139b8955f3f275a33d10e34.jpg,DALLE_Advanced,fake,1,1024,1024,0.5122281312942505,0.55657113,0,real,0,false_negative,1029
baseline2_njr,E:\TikTokTechJam\Track5Data(1)\Track5Data\official_demo_validation\fake\Advanced\DALLE3\dalle3\20231103102150b17aad067ad7e034\aaa0520a5139b8955f3f275a33d10e34.jpg,DALLE_Advanced,fake,1,1024,1024,0.5122281312942505,0.55657113,0,real,0,false_negative,1030
baseline2_njr,E:\TikTokTechJam\Track5Data(1)\Track5Data\official_demo_validation\fake\Advanced\DALLE3\dalle3\202311070924598319e76b1a88ba6c\aaa0520a5139b8955f3f275a33d10e34.jpg,DALLE_Advanced,fake,1,1024,1024,0.5122281312942505,0.55657113,0,real,0,false_negative,1031
baseline2_njr,E:\TikTokTechJam\Track5Data(1)\Track5Data\official_demo_validation\fake\Advanced\DALLE3\dalle3\20231102143933b82206831d45b85d\5f3cb21e22d9e07dd3358e38685d7bb5.jpg,DALLE_Advanced,fake,1,1024,1024,0.5185493230819702,0.55657113,0,real,0,false_negative,1032
baseline2_njr,E:\TikTokTechJam\Track5Data(1)\Track5Data\official_demo_validation\fake\Advanced\DALLE3\dalle3\2023110215025084768300d30fc34f\5f3cb21e22d9e07dd3358e38685d7bb5.jpg,DALLE_Advanced,fake,1,1024,1024,0.5185493230819702,0.55657113,0,real,0,false_negative,1033
baseline2_njr,E:\TikTokTechJam\Track5Data(1)\Track5Data\official_demo_validation\fake\Advanced\DALLE3\dalle3\20231103102150b17aad067ad7e034\5f3cb21e22d9e07dd3358e38685d7bb5.jpg,DALLE_Advanced,fake,1,1024,1024,0.5185493230819702,0.55657113,0,real,0,false_negative,1034
baseline2_njr,E:\TikTokTechJam\Track5Data(1)\Track5Data\official_demo_validation\fake\Advanced\DALLE3\dalle3\202311070924598319e76b1a88ba6c\5f3cb21e22d9e07dd3358e38685d7bb5.jpg,DALLE_Advanced,fake,1,1024,1024,0.5185493230819702,0.55657113,0,real,0,false_negative,1035
baseline2_njr,E:\TikTokTechJam\Track5Data(1)\Track5Data\official_demo_validation\fake\Advanced\DALLE3\dalle3\20231102143933b82206831d45b85d\9da694e340b543ac347b046059cf5187.jpg,DALLE_Advanced,fake,1,1024,1024,0.5202348232269287,0.55657113,0,real,0,false_negative,1036
baseline2_njr,E:\TikTokTechJam\Track5Data(1)\Track5Data\official_demo_validation\fake\Advanced\DALLE3\dalle3\2023110215025084768300d30fc34f\9da694e340b543ac347b046059cf5187.jpg,DALLE_Advanced,fake,1,1024,1024,0.5202348232269287,0.55657113,0,real,0,false_negative,1037
baseline2_njr,E:\TikTokTechJam\Track5Data(1)\Track5Data\official_demo_validation\fake\Advanced\DALLE3\dalle3\20231103102150b17aad067ad7e034\9da694e340b543ac347b046059cf5187.jpg,DALLE_Advanced,fake,1,1024,1024,0.5202348232269287,0.55657113,0,real,0,false_negative,1038
baseline2_njr,E:\TikTokTechJam\Track5Data(1)\Track5Data\official_demo_validation\fake\Advanced\DALLE3\dalle3\202311070924598319e76b1a88ba6c\9da694e340b543ac347b046059cf5187.jpg,DALLE_Advanced,fake,1,1024,1024,0.5202348232269287,0.55657113,0,real,0,false_negative,1039
baseline2_njr,E:\TikTokTechJam\Track5Data(1)\Track5Data\official_demo_validation\fake\Advanced\DALLE3\dalle3\202311011943129901ca391019566e\c9f517bac710ce52e7585560c3ebc367.jpg,DALLE_Advanced,fake,1,1024,1024,0.5247896313667297,0.55657113,0,real,0,false_negative,1040
baseline2_njr,E:\TikTokTechJam\Track5Data(1)\Track5Data\official_demo_validation\fake\Advanced\DALLE3\dalle3\20231102143933b82206831d45b85d\196c9fdfafaf42ac89fb83f6d35f4657.jpg,DALLE_Advanced,fake,1,1792,1024,0.5254331231117249,0.55657113,0,real,0,false_negative,1041
baseline2_njr,E:\TikTokTechJam\Track5Data(1)\Track5Data\official_demo_validation\fake\Advanced\DALLE3\dalle3\2023110215025084768300d30fc34f\196c9fdfafaf42ac89fb83f6d35f4657.jpg,DALLE_Advanced,fake,1,1792,1024,0.5254331231117249,0.55657113,0,real,0,false_negative,1042
baseline2_njr,E:\TikTokTechJam\Track5Data(1)\Track5Data\official_demo_validation\fake\Advanced\DALLE3\dalle3\20231103102150b17aad067ad7e034\196c9fdfafaf42ac89fb83f6d35f4657.jpg,DALLE_Advanced,fake,1,1792,1024,0.5254331231117249,0.55657113,0,real,0,false_negative,1043
baseline2_njr,E:\TikTokTechJam\Track5Data(1)\Track5Data\official_demo_validation\fake\Advanced\DALLE3\dalle3\202311070924598319e76b1a88ba6c\196c9fdfafaf42ac89fb83f6d35f4657.jpg,DALLE_Advanced,fake,1,1792,1024,0.5254331231117249,0.55657113,0,real,0,false_negative,1044
baseline2_njr,E:\TikTokTechJam\Track5Data(1)\Track5Data\official_demo_validation\fake\Advanced\DALLE3\dalle3\202311011943129901ca391019566e\d34852f3bd2f372635ea14e215c94951.jpg,DALLE_Advanced,fake,1,1024,1024,0.5283669233322144,0.55657113,0,real,0,false_negative,1045
baseline2_njr,E:\TikTokTechJam\Track5Data(1)\Track5Data\official_demo_validation\fake\Advanced\DALLE3\dalle3\20231102143933b82206831d45b85d\1650f37c8f04d7c1e6a20704d2bf8d53.jpg,DALLE_Advanced,fake,1,1024,1024,0.5306147336959839,0.55657113,0,real,0,false_negative,1046
baseline2_njr,E:\TikTokTechJam\Track5Data(1)\Track5Data\official_demo_validation\fake\Advanced\DALLE3\dalle3\2023110215025084768300d30fc34f\1650f37c8f04d7c1e6a20704d2bf8d53.jpg,DALLE_Advanced,fake,1,1024,1024,0.5306147336959839,0.55657113,0,real,0,false_negative,1047
baseline2_njr,E:\TikTokTechJam\Track5Data(1)\Track5Data\official_demo_validation\fake\Advanced\DALLE3\dalle3\20231103102150b17aad067ad7e034\1650f37c8f04d7c1e6a20704d2bf8d53.jpg,DALLE_Advanced,fake,1,1024,1024,0.5306147336959839,0.55657113,0,real,0,false_negative,1048
baseline2_njr,E:\TikTokTechJam\Track5Data(1)\Track5Data\official_demo_validation\fake\Advanced\DALLE3\dalle3\202311070924598319e76b1a88ba6c\1650f37c8f04d7c1e6a20704d2bf8d53.jpg,DALLE_Advanced,fake,1,1024,1024,0.5306147336959839,0.55657113,0,real,0,false_negative,1049
baseline2_njr,E:\TikTokTechJam\Track5Data(1)\Track5Data\official_demo_validation\fake\Advanced\DALLE3\dalle3\202311070924598319e76b1a88ba6c\9fa67d65db995581d6d42c5057855da5.jpg,DALLE_Advanced,fake,1,1024,1024,0.5363742709159851,0.55657113,0,real,0,false_negative,1050
baseline2_njr,E:\TikTokTechJam\Track5Data(1)\Track5Data\official_demo_validation\fake\Advanced\DALLE3\dalle3\20231102143933b82206831d45b85d\97c1319714bbcee20118e5ea27690ffc.jpg,DALLE_Advanced,fake,1,1024,1024,0.5398577451705933,0.55657113,0,real,0,false_negative,1051
baseline2_njr,E:\TikTokTechJam\Track5Data(1)\Track5Data\official_demo_validation\fake\Advanced\DALLE3\dalle3\2023110215025084768300d30fc34f\97c1319714bbcee20118e5ea27690ffc.jpg,DALLE_Advanced,fake,1,1024,1024,0.5398577451705933,0.55657113,0,real,0,false_negative,1052
baseline2_njr,E:\TikTokTechJam\Track5Data(1)\Track5Data\official_demo_validation\fake\Advanced\DALLE3\dalle3\20231103102150b17aad067ad7e034\97c1319714bbcee20118e5ea27690ffc.jpg,DALLE_Advanced,fake,1,1024,1024,0.5398577451705933,0.55657113,0,real,0,false_negative,1053
baseline2_njr,E:\TikTokTechJam\Track5Data(1)\Track5Data\official_demo_validation\fake\Advanced\DALLE3\dalle3\202311070924598319e76b1a88ba6c\97c1319714bbcee20118e5ea27690ffc.jpg,DALLE_Advanced,fake,1,1024,1024,0.5398577451705933,0.55657113,0,real,0,false_negative,1054
baseline2_njr,E:\TikTokTechJam\Track5Data(1)\Track5Data\official_demo_validation\fake\Advanced\DALLE3\dalle3\20231102143933b82206831d45b85d\b41f187c8a325473e762f44b082f8bd8.jpg,DALLE_Advanced,fake,1,1024,1024,0.5408635139465332,0.55657113,0,real,0,false_negative,1055
baseline2_njr,E:\TikTokTechJam\Track5Data(1)\Track5Data\official_demo_validation\fake\Advanced\DALLE3\dalle3\2023110215025084768300d30fc34f\b41f187c8a325473e762f44b082f8bd8.jpg,DALLE_Advanced,fake,1,1024,1024,0.5408635139465332,0.55657113,0,real,0,false_negative,1056
baseline2_njr,E:\TikTokTechJam\Track5Data(1)\Track5Data\official_demo_validation\fake\Advanced\DALLE3\dalle3\202311011943129901ca391019566e\c6b92d748de3c380ddf4216d536cc34e.jpg,DALLE_Advanced,fake,1,1024,1024,0.5410597920417786,0.55657113,0,real,0,false_negative,1057
baseline2_njr,E:\TikTokTechJam\Track5Data(1)\Track5Data\official_demo_validation\fake\Advanced\DALLE3\dalle3\202311011943129901ca391019566e\2e15e3a5e2e21acdc69da41965a0bedf.jpg,DALLE_Advanced,fake,1,1024,1024,0.5426410436630249,0.55657113,0,real,0,false_negative,1058
baseline2_njr,E:\TikTokTechJam\Track5Data(1)\Track5Data\official_demo_validation\fake\Advanced\DALLE3\dalle3\20231102143933b82206831d45b85d\a6544325a5bb8821e5606a4aa3ce522d.jpg,DALLE_Advanced,fake,1,1024,1024,0.5436341762542725,0.55657113,0,real,0,false_negative,1059
baseline2_njr,E:\TikTokTechJam\Track5Data(1)\Track5Data\official_demo_validation\fake\Advanced\DALLE3\dalle3\2023110215025084768300d30fc34f\a6544325a5bb8821e5606a4aa3ce522d.jpg,DALLE_Advanced,fake,1,1024,1024,0.5436341762542725,0.55657113,0,real,0,false_negative,1060
baseline2_njr,E:\TikTokTechJam\Track5Data(1)\Track5Data\official_demo_validation\fake\Advanced\DALLE3\dalle3\20231103102150b17aad067ad7e034\a6544325a5bb8821e5606a4aa3ce522d.jpg,DALLE_Advanced,fake,1,1024,1024,0.5436341762542725,0.55657113,0,real,0,false_negative,1061
baseline2_njr,E:\TikTokTechJam\Track5Data(1)\Track5Data\official_demo_validation\fake\Advanced\DALLE3\dalle3\202311070924598319e76b1a88ba6c\a6544325a5bb8821e5606a4aa3ce522d.jpg,DALLE_Advanced,fake,1,1024,1024,0.5436341762542725,0.55657113,0,real,0,false_negative,1062
baseline2_njr,E:\TikTokTechJam\Track5Data(1)\Track5Data\official_demo_validation\fake\Advanced\DALLE3\dalle3\20231102143933b82206831d45b85d\8434eded6834acc7f333c22c97598cd6.jpg,DALLE_Advanced,fake,1,1024,1024,0.5478317737579346,0.55657113,0,real,0,false_negative,1063
baseline2_njr,E:\TikTokTechJam\Track5Data(1)\Track5Data\official_demo_validation\fake\Advanced\DALLE3\dalle3\2023110215025084768300d30fc34f\8434eded6834acc7f333c22c97598cd6.jpg,DALLE_Advanced,fake,1,1024,1024,0.5478317737579346,0.55657113,0,real,0,false_negative,1064
baseline2_njr,E:\TikTokTechJam\Track5Data(1)\Track5Data\official_demo_validation\fake\Advanced\DALLE3\dalle3\20231103102150b17aad067ad7e034\8434eded6834acc7f333c22c97598cd6.jpg,DALLE_Advanced,fake,1,1024,1024,0.5478317737579346,0.55657113,0,real,0,false_negative,1065
baseline2_njr,E:\TikTokTechJam\Track5Data(1)\Track5Data\official_demo_validation\fake\Advanced\DALLE3\dalle3\202311070924598319e76b1a88ba6c\8434eded6834acc7f333c22c97598cd6.jpg,DALLE_Advanced,fake,1,1024,1024,0.5478317737579346,0.55657113,0,real,0,false_negative,1066
baseline2_njr,E:\TikTokTechJam\Track5Data(1)\Track5Data\official_demo_validation\fake\Advanced\DALLE3\dalle3\202311011943129901ca391019566e\753e3c1181a7a5ab8fdd8a0e380d0e48.jpg,DALLE_Advanced,fake,1,1024,1024,0.5526450276374817,0.55657113,0,real,0,false_negative,1067
baseline2_njr,E:\TikTokTechJam\Track5Data(1)\Track5Data\official_demo_validation\fake\Advanced\DALLE3\dalle3\202311011943129901ca391019566e\125a024f1f3ffbe093634bde85fa4fb4.jpg,DALLE_Advanced,fake,1,1024,1024,0.5547023415565491,0.55657113,0,real,0,false_negative,1068
baseline2_njr,E:\TikTokTechJam\Track5Data(1)\Track5Data\official_demo_validation\fake\Advanced\DALLE3\dalle3\20231102143933b82206831d45b85d\2bafb9dd20293a077b31930c5aac8561.jpg,DALLE_Advanced,fake,1,1024,1024,0.5550745129585266,0.55657113,0,real,0,false_negative,1069
baseline2_njr,E:\TikTokTechJam\Track5Data(1)\Track5Data\official_demo_validation\fake\Advanced\DALLE3\dalle3\2023110215025084768300d30fc34f\2bafb9dd20293a077b31930c5aac8561.jpg,DALLE_Advanced,fake,1,1024,1024,0.5550745129585266,0.55657113,0,real,0,false_negative,1070
baseline2_njr,E:\TikTokTechJam\Track5Data(1)\Track5Data\official_demo_validation\fake\Advanced\DALLE3\dalle3\20231103102150b17aad067ad7e034\2bafb9dd20293a077b31930c5aac8561.jpg,DALLE_Advanced,fake,1,1024,1024,0.5550745129585266,0.55657113,0,real,0,false_negative,1071
baseline2_njr,E:\TikTokTechJam\Track5Data(1)\Track5Data\official_demo_validation\fake\Advanced\DALLE3\dalle3\202311070924598319e76b1a88ba6c\2bafb9dd20293a077b31930c5aac8561.jpg,DALLE_Advanced,fake,1,1024,1024,0.5550745129585266,0.55657113,0,real,0,false_negative,1072
